family,pdb,receptor,component,ligand,binding_mode,ligand_role,method,distance_to_pocket,axial,radial,bundle_radius,core_overlap,family_core_size,n_positions,contacted_segments,positions
Aminergic receptors,2RH1,adrb2_human,CAU,Carazolol,Inverse agonist,pharmacological_orthosteric_ligand,X-RAY DIFFRACTION,3.0,2.4,1.9,11.2,1.0,27,19,3 5 6 7 45,3x28 3x29 3x32 3x33 3x36 3x37 45x52 5x39 5x40 5x43 5x44 5x461 6x48 6x51 6x52 6x55 7x34 7x38 7x42
Aminergic receptors,2VT4,adrb1_melga,P32,(S)-Cyanopindolol,Antagonist,pharmacological_orthosteric_ligand,X-RAY DIFFRACTION,3.3,2.6,2.0,11.4,1.0,27,18,3 5 6 7 45,3x28 3x29 3x32 3x33 3x36 3x37 45x52 5x39 5x40 5x43 5x44 5x461 6x48 6x51 6x52 6x55 7x38 7x42
Aminergic receptors,2Y00,adrb1_melga,Y00,Dobutamine,Agonist (partial),pharmacological_orthosteric_ligand,X-RAY DIFFRACTION,4.9,4.1,2.8,11.1,0.9,27,21,2 3 5 6 7 45,2x60 2x63 2x64 3x28 3x29 3x32 3x33 3x36 45x52 5x39 5x40 5x43 5x44 5x461 6x51 6x52 6x55 7x35 7x38 7x39 7x42
Aminergic receptors,2Y01,adrb1_melga,Y00,Dobutamine,Agonist (partial),pharmacological_orthosteric_ligand,X-RAY DIFFRACTION,5.0,4.2,2.5,11.2,0.9,27,20,2 3 5 6 7 45,2x63 2x64 3x28 3x29 3x32 3x33 3x36 45x52 5x39 5x40 5x43 5x44 5x461 6x51 6x52 6x55 7x35 7x38 7x39 7x42
Aminergic receptors,2Y02,adrb1_melga,WHJ,CARMOTEROL,Agonist,pharmacological_orthosteric_ligand,X-RAY DIFFRACTION,4.1,4.0,1.2,11.2,0.95,27,21,3 5 6 7 45,3x28 3x29 3x32 3x33 3x36 45x51 45x52 5x39 5x40 5x43 5x44 5x461 6x48 6x51 6x52 6x55 7x34 7x35 7x38 7x39 7x42
Aminergic receptors,2Y03,adrb1_melga,5FW,LEVISOPRENALINE,Agonist,pharmacological_orthosteric_ligand,X-RAY DIFFRACTION,3.1,2.6,1.8,11.3,1.0,27,16,3 5 6 7 45,3x28 3x29 3x32 3x33 3x36 45x52 5x39 5x43 5x44 5x461 6x48 6x51 6x52 6x55 7x38 7x42
Aminergic receptors,2Y04,adrb1_melga,68H,levosalbutamol,Agonist (partial),pharmacological_orthosteric_ligand,X-RAY DIFFRACTION,3.1,2.7,1.6,11.2,1.0,27,19,3 5 6 7 45,3x28 3x29 3x32 3x33 3x36 3x37 45x51 45x52 5x39 5x40 5x43 5x44 5x461 6x48 6x51 6x52 6x55 7x38 7x42
Aminergic receptors,2YCW,adrb1_melga,CAU,Carazolol,Antagonist,pharmacological_orthosteric_ligand,X-RAY DIFFRACTION,3.3,2.5,2.1,11.0,1.0,27,18,3 5 6 7 45,3x28 3x29 3x32 3x33 3x36 3x37 45x52 5x39 5x40 5x43 5x44 5x461 6x48 6x51 6x52 6x55 7x38 7x42
Aminergic receptors,2YCX,adrb1_melga,P32,(S)-Cyanopindolol,Antagonist,pharmacological_orthosteric_ligand,X-RAY DIFFRACTION,3.5,2.8,2.1,11.1,1.0,27,18,3 5 6 7 45,3x28 3x29 3x32 3x33 3x36 3x37 45x52 5x39 5x40 5x43 5x44 5x461 6x48 6x51 6x52 6x55 7x38 7x42
Aminergic receptors,2YCY,adrb1_melga,P32,(S)-Cyanopindolol,Antagonist,pharmacological_orthosteric_ligand,X-RAY DIFFRACTION,3.5,2.8,2.1,11.3,1.0,27,18,3 5 6 7 45,3x28 3x29 3x32 3x33 3x36 3x37 45x52 5x39 5x40 5x43 5x44 5x461 6x48 6x51 6x52 6x55 7x38 7x42
Aminergic receptors,2YCZ,adrb1_melga,I32,Iodocyanopindolol,Antagonist,pharmacological_orthosteric_ligand,X-RAY DIFFRACTION,3.3,2.7,2.0,11.1,1.0,27,18,3 5 6 7 45,3x28 3x29 3x32 3x33 3x36 3x37 45x52 5x39 5x40 5x43 5x44 5x461 6x48 6x51 6x52 6x55 7x38 7x42
Aminergic receptors,3D4S,adrb2_human,TIM,timolol,Inverse agonist,pharmacological_orthosteric_ligand,X-RAY DIFFRACTION,3.0,2.1,2.1,11.4,0.95,27,20,2 3 5 6 7 45,2x53 3x28 3x29 3x32 3x33 3x36 3x37 45x52 5x39 5x40 5x43 5x44 5x461 6x48 6x51 6x52 6x55 7x34 7x38 7x42
Aminergic receptors,3NY8,adrb2_human,JRZ,ICI 118551,Inverse agonist,pharmacological_orthosteric_ligand,X-RAY DIFFRACTION,2.8,2.1,1.9,11.4,0.95,27,20,2 3 5 6 7 45,2x53 3x28 3x29 3x32 3x33 3x36 3x37 45x52 5x39 5x40 5x43 5x44 5x461 6x48 6x51 6x52 6x55 7x34 7x38 7x42
Aminergic receptors,3NY9,adrb2_human,JSZ,CHEMBL1233771,Inverse agonist,pharmacological_orthosteric_ligand,X-RAY DIFFRACTION,3.5,2.7,2.3,11.5,0.95,27,20,2 3 5 6 7 45,2x53 3x28 3x29 3x32 3x33 3x36 3x37 45x52 5x39 5x40 5x43 5x44 5x461 6x48 6x51 6x52 6x55 7x34 7x38 7x42
Aminergic receptors,3NYA,adrb2_human,JTZ,CHEMBL1160734,Antagonist,pharmacological_orthosteric_ligand,X-RAY DIFFRACTION,2.9,2.0,2.1,11.1,0.95,27,20,2 3 5 6 7 45,2x53 3x28 3x29 3x32 3x33 3x36 3x37 45x52 5x39 5x40 5x43 5x44 5x461 6x48 6x51 6x52 6x55 7x34 7x38 7x42
Aminergic receptors,3P0G,adrb2_human,P0G,CHEMBL1615159,Agonist,pharmacological_orthosteric_ligand,X-RAY DIFFRACTION,4.5,4.3,1.2,11.3,0.96,27,24,2 3 5 6 7 45,2x63 3x28 3x29 3x32 3x33 3x36 3x37 45x50 45x51 45x52 5x39 5x40 5x43 5x44 5x461 6x48 6x51 6x52 6x55 7x31 7x34 7x35 7x38 7x42
Aminergic receptors,3PBL,drd3_human,ETQ,eticlopride,Antagonist,pharmacological_orthosteric_ligand,X-RAY DIFFRACTION,3.4,3.0,1.5,11.2,0.95,27,20,2 3 5 6 7 45,2x60 3x28 3x29 3x32 3x33 3x36 3x37 45x52 5x40 5x43 5x44 5x461 6x48 6x51 6x52 6x55 6x56 7x34 7x38 7x42
Aminergic receptors,3RZE,hrh1_human,5EH,doxepin,Antagonist,pharmacological_orthosteric_ligand,X-RAY DIFFRACTION,2.3,-0.6,2.2,11.6,0.83,27,18,3 4 5 6 7,3x32 3x33 3x36 3x37 3x40 4x57 5x40 5x43 5x44 5x461 5x47 6x44 6x48 6x51 6x52 6x55 7x38 7x42
Aminergic receptors,3SN6,adrb2_human,P0G,CHEMBL1615159,Agonist,pharmacological_orthosteric_ligand,X-RAY DIFFRACTION,4.7,4.5,1.1,11.3,0.96,27,23,3 5 6 7 45,3x28 3x29 3x32 3x33 3x36 3x37 45x50 45x51 45x52 5x39 5x40 5x43 5x44 5x461 6x48 6x51 6x52 6x55 7x31 7x34 7x35 7x38 7x42
Aminergic receptors,3UON,acm2_human,QNB,CHEMBL558910,Antagonist,pharmacological_orthosteric_ligand,X-RAY DIFFRACTION,2.2,-0.4,2.2,11.7,0.89,27,18,3 4 5 6 7,3x32 3x33 3x36 3x37 3x40 4x57 5x40 5x43 5x44 5x461 5x47 6x48 6x51 6x52 6x55 7x38 7x41 7x42
Aminergic receptors,3ZPQ,adrb1_melga,XF5,CHEMBL200234,Antagonist,pharmacological_orthosteric_ligand,X-RAY DIFFRACTION,2.8,2.0,2.0,11.4,1.0,27,15,3 5 6 7 45,3x32 3x33 3x36 3x37 45x52 5x39 5x43 5x44 5x461 6x48 6x51 6x52 6x55 7x38 7x42
Aminergic receptors,3ZPR,adrb1_melga,3WC,CHEMBL1559535,Antagonist,pharmacological_orthosteric_ligand,X-RAY DIFFRACTION,3.3,2.5,2.2,11.2,1.0,27,15,3 5 6 7 45,3x32 3x33 3x36 45x52 5x39 5x40 5x43 5x44 5x461 6x48 6x51 6x52 6x55 7x38 7x42
Aminergic receptors,4AMI,adrb1_melga,G90,Bucindolol,Agonist,pharmacological_orthosteric_ligand,X-RAY DIFFRACTION,4.5,4.1,1.8,11.2,1.0,27,22,2 3 5 6 7 45,2x63 3x28 3x29 3x32 3x33 3x36 3x37 45x50 45x51 45x52 5x39 5x43 5x44 5x461 6x48 6x51 6x52 6x55 7x34 7x35 7x38 7x42
Aminergic receptors,4AMJ,adrb1_melga,CVD,CHEMBL3799125,Inverse agonist,pharmacological_orthosteric_ligand,X-RAY DIFFRACTION,3.7,3.4,1.4,11.4,0.91,27,23,2 3 5 6 7 45,2x60 2x63 2x64 3x28 3x32 3x33 3x36 3x37 45x52 5x39 5x40 5x43 5x44 5x461 6x48 6x51 6x52 6x55 7x34 7x35 7x38 7x39 7x42
Aminergic receptors,4BVN,adrb1_melga,P32,(S)-Cyanopindolol,Antagonist,pharmacological_orthosteric_ligand,X-RAY DIFFRACTION,3.3,2.5,2.1,11.3,1.0,27,19,3 5 6 7 45,3x28 3x29 3x32 3x33 3x36 3x37 45x52 5x39 5x40 5x43 5x44 5x461 6x48 6x51 6x52 6x55 7x34 7x38 7x42
Aminergic receptors,4DAJ,acm3_rat,0HK,tiotropium,Antagonist,pharmacological_orthosteric_ligand,X-RAY DIFFRACTION,1.9,-0.3,1.9,11.6,0.89,27,18,3 4 5 6 7,3x32 3x33 3x36 3x37 3x40 4x57 5x40 5x43 5x44 5x461 5x47 6x48 6x51 6x52 6x55 7x38 7x41 7x42
Aminergic receptors,4GBR,adrb2_human,CAU,Carazolol,Inverse agonist,pharmacological_orthosteric_ligand,X-RAY DIFFRACTION,2.9,2.1,2.0,11.6,1.0,27,19,3 5 6 7 45,3x28 3x29 3x32 3x33 3x36 3x37 45x52 5x39 5x40 5x43 5x44 5x461 6x48 6x51 6x52 6x55 7x34 7x38 7x42
Aminergic receptors,4IAQ,5ht1b_human,2GM,dihydroergotamine,Agonist,pharmacological_orthosteric_ligand,X-RAY DIFFRACTION,5.4,5.4,0.8,11.3,0.92,27,24,2 3 4 5 6 7 45,2x63 3x28 3x29 3x32 3x33 3x36 3x37 3x40 45x50 45x51 45x52 4x56 5x43 5x461 6x48 6x51 6x52 6x55 6x58 7x31 7x34 7x35 7x38 7x42
Aminergic receptors,4IAR,5ht1b_human,ERM,ergotamine,Agonist,pharmacological_orthosteric_ligand,X-RAY DIFFRACTION,5.3,5.2,0.9,11.5,0.92,27,25,2 3 4 5 6 7 45,2x63 3x28 3x29 3x32 3x33 3x36 3x37 3x40 45x50 45x51 45x52 4x56 5x43 5x44 5x461 6x48 6x51 6x52 6x55 6x58 7x31 7x34 7x35 7x38 7x42
Aminergic receptors,4IB4,5ht2b_human,ERM,ergotamine,Agonist,pharmacological_orthosteric_ligand,X-RAY DIFFRACTION,5.5,5.5,0.3,10.8,0.82,27,28,3 4 5 6 7 45,3x28 3x29 3x32 3x33 3x36 3x37 45x50 45x51 45x52 4x56 5x36 5x37 5x39 5x40 5x43 5x44 5x461 6x48 6x51 6x52 6x55 6x58 6x59 7x31 7x34 7x35 7x38 7x42
Aminergic receptors,4LDE,adrb2_human,P0G,CHEMBL1615159,Agonist,pharmacological_orthosteric_ligand,X-RAY DIFFRACTION,4.4,4.2,1.2,11.0,1.0,27,23,2 3 5 6 7 45,2x63 3x28 3x29 3x32 3x33 3x36 3x37 45x50 45x51 45x52 5x39 5x40 5x43 5x44 5x461 6x48 6x51 6x52 6x55 7x34 7x35 7x38 7x42
Aminergic receptors,4LDL,adrb2_human,XQC,hydroxybenzylisoproterenol,Agonist,pharmacological_orthosteric_ligand,X-RAY DIFFRACTION,4.8,4.6,1.6,10.9,0.96,27,23,2 3 5 6 7 45,2x63 3x28 3x29 3x32 3x33 3x36 3x37 45x50 45x51 45x52 5x39 5x43 5x44 5x461 6x48 6x51 6x52 6x55 7x31 7x34 7x35 7x38 7x42
Aminergic receptors,4LDO,adrb2_human,ALE,(-)-adrenaline,Agonist,pharmacological_orthosteric_ligand,X-RAY DIFFRACTION,3.0,2.3,1.9,11.0,1.0,27,16,3 5 6 7 45,3x28 3x32 3x33 3x36 3x37 45x52 5x43 5x44 5x461 6x48 6x51 6x52 6x55 7x34 7x38 7x42
Aminergic receptors,4MQS,acm2_human,IXO,iperoxo,Agonist,pharmacological_orthosteric_ligand,X-RAY DIFFRACTION,1.9,-1.2,1.5,11.3,0.86,27,14,3 4 5 6 7,3x32 3x33 3x36 3x37 3x40 4x57 5x461 5x47 6x48 6x51 6x52 7x38 7x41 7x42
Aminergic receptors,4MQT,acm2_human,IXO,iperoxo,Agonist,pharmacological_orthosteric_ligand,X-RAY DIFFRACTION,2.1,-1.3,1.7,11.2,0.85,27,13,3 4 5 6 7,3x32 3x33 3x36 3x37 3x40 4x57 5x461 5x47 6x48 6x51 6x52 7x41 7x42
Aminergic receptors,4NC3,5ht2b_human,ERM,ergotamine,Agonist,pharmacological_orthosteric_ligand,X-RAY DIFFRACTION,5.7,5.7,0.2,10.8,0.85,27,26,3 5 6 7 45,3x28 3x29 3x32 3x33 3x36 3x37 45x50 45x51 45x52 5x36 5x39 5x40 5x43 5x44 5x461 6x48 6x51 6x52 6x55 6x58 6x59 7x31 7x34 7x35 7x38 7x42
Aminergic receptors,4U14,acm3_rat,0HK,tiotropium,Antagonist,pharmacological_orthosteric_ligand,X-RAY DIFFRACTION,2.0,-0.3,2.0,11.8,0.84,27,19,2 3 4 5 6 7,2x53 3x32 3x33 3x36 3x37 3x40 4x57 5x40 5x43 5x44 5x461 5x47 6x48 6x51 6x52 6x55 7x38 7x41 7x42
Aminergic receptors,4U15,acm3_rat,0HK,tiotropium,Antagonist,pharmacological_orthosteric_ligand,X-RAY DIFFRACTION,1.9,-0.4,1.9,11.6,0.89,27,18,3 4 5 6 7,3x32 3x33 3x36 3x37 3x40 4x57 5x40 5x43 5x44 5x461 5x47 6x48 6x51 6x52 6x55 7x38 7x41 7x42
Aminergic receptors,4U16,acm3_rat,3C0,N-methyl scopolamine,Antagonist,pharmacological_orthosteric_ligand,X-RAY DIFFRACTION,1.6,-0.6,1.5,11.4,0.82,27,17,3 4 5 6 7,3x32 3x33 3x36 3x37 4x57 5x43 5x44 5x461 5x47 6x48 6x51 6x52 6x55 7x37 7x38 7x41 7x42
Aminergic receptors,5A8E,adrb1_melga,XTK,7-methylcyanopindolol,Inverse agonist,pharmacological_orthosteric_ligand,X-RAY DIFFRACTION,3.4,2.6,2.1,11.3,1.0,27,19,3 5 6 7 45,3x28 3x29 3x32 3x33 3x36 3x37 45x52 5x39 5x40 5x43 5x44 5x461 6x48 6x51 6x52 6x55 7x34 7x38 7x42
Aminergic receptors,5CXV,acm1_human,0HK,0HK,Antagonist,pharmacological_orthosteric_ligand,X-RAY DIFFRACTION,1.8,-0.2,1.8,11.7,0.88,27,17,3 4 5 6 7,3x32 3x33 3x36 3x37 3x40 4x57 5x40 5x43 5x44 5x461 5x47 6x48 6x51 6x52 7x38 7x41 7x42
Aminergic receptors,5D5A,adrb2_human,CAU,Carazolol,Inverse agonist,pharmacological_orthosteric_ligand,X-RAY DIFFRACTION,3.1,2.3,2.1,11.4,1.0,27,19,3 5 6 7 45,3x28 3x29 3x32 3x33 3x36 3x37 45x52 5x39 5x40 5x43 5x44 5x461 6x48 6x51 6x52 6x55 7x34 7x38 7x42
Aminergic receptors,5D5B,adrb2_human,CAU,Carazolol,Inverse agonist,pharmacological_orthosteric_ligand,X-RAY DIFFRACTION,3.0,2.2,2.1,11.3,1.0,27,19,3 5 6 7 45,3x28 3x29 3x32 3x33 3x36 3x37 45x52 5x39 5x40 5x43 5x44 5x461 6x48 6x51 6x52 6x55 7x34 7x38 7x42
Aminergic receptors,5D6L,adrb2_human,CAU,Carazolol,Inverse agonist,pharmacological_orthosteric_ligand,X-RAY DIFFRACTION,3.1,2.4,1.9,11.3,1.0,27,19,3 5 6 7 45,3x28 3x29 3x32 3x33 3x36 3x37 45x52 5x39 5x40 5x43 5x44 5x461 6x48 6x51 6x52 6x55 7x34 7x38 7x42
Aminergic receptors,5DSG,acm4_human,0HK,tiotropium,Antagonist,pharmacological_orthosteric_ligand,X-RAY DIFFRACTION,1.8,-0.3,1.8,11.7,0.89,27,18,3 4 5 6 7,3x32 3x33 3x36 3x37 3x40 4x57 5x40 5x43 5x44 5x461 5x47 6x48 6x51 6x52 6x55 7x38 7x41 7x42
Aminergic receptors,5F8U,adrb1_melga,P32,(S)-Cyanopindolol,Antagonist,pharmacological_orthosteric_ligand,X-RAY DIFFRACTION,3.4,2.6,2.2,11.2,1.0,27,18,3 5 6 7 45,3x28 3x29 3x32 3x33 3x36 3x37 45x52 5x39 5x40 5x43 5x44 5x461 6x48 6x51 6x52 6x55 7x38 7x42
Aminergic receptors,5JQH,adrb2_human,CAU,Carazolol,Inverse agonist,pharmacological_orthosteric_ligand,X-RAY DIFFRACTION,3.1,2.5,1.9,11.1,1.0,27,19,3 5 6 7 45,3x28 3x29 3x32 3x33 3x36 3x37 45x52 5x39 5x40 5x43 5x44 5x461 6x48 6x51 6x52 6x55 7x34 7x38 7x42
Aminergic receptors,5TUD,5ht2b_human,ERM,ergotamine,Agonist,pharmacological_orthosteric_ligand,X-RAY DIFFRACTION,5.4,5.4,0.5,10.6,0.85,27,27,3 5 6 7 45,3x28 3x29 3x32 3x33 3x36 3x37 3x40 45x50 45x51 45x52 5x36 5x39 5x40 5x43 5x44 5x461 6x48 6x51 6x52 6x55 6x58 6x59 7x31 7x34 7x35 7x38 7x42
Aminergic receptors,5TVN,5ht2b_human,7LD,Lysergide,Agonist,pharmacological_orthosteric_ligand,X-RAY DIFFRACTION,3.4,3.0,1.6,10.7,0.95,27,22,3 4 5 6 7 45,3x28 3x29 3x32 3x33 3x36 3x37 45x52 4x56 5x39 5x40 5x43 5x44 5x461 6x48 6x51 6x52 6x55 7x31 7x34 7x35 7x38 7x42
Aminergic receptors,5V54,5ht1b_human,89F,CHEMBL428892,Antagonist,pharmacological_orthosteric_ligand,X-RAY DIFFRACTION,2.4,1.4,1.9,11.2,0.95,27,19,3 5 6 7 45,3x28 3x29 3x32 3x33 3x36 3x37 3x40 45x52 5x40 5x43 5x44 5x461 5x47 6x48 6x51 6x52 6x55 7x38 7x42
Aminergic receptors,5WIU,drd4_human,AQD,[3H]NEMONAPRIDE,Antagonist,pharmacological_orthosteric_ligand,X-RAY DIFFRACTION,4.7,3.6,3.0,11.2,0.88,27,25,2 3 5 6 7 23 45,23x50 2x56 2x59 2x60 2x63 3x28 3x29 3x32 3x33 3x36 3x37 45x50 45x51 45x52 5x39 5x40 5x43 5x44 5x461 6x48 6x51 6x52 6x55 7x38 7x42
Aminergic receptors,5WIV,drd4_human,AQD,[3H]NEMONAPRIDE,Antagonist,pharmacological_orthosteric_ligand,X-RAY DIFFRACTION,4.7,3.6,3.0,11.1,0.88,27,25,2 3 5 6 7 23 45,23x50 2x56 2x59 2x60 2x63 3x28 3x29 3x32 3x33 3x36 3x37 45x50 45x51 45x52 5x39 5x40 5x43 5x44 5x461 6x48 6x51 6x52 6x55 7x38 7x42
Aminergic receptors,5X7D,adrb2_human,CAU,Carazolol,Antagonist,pharmacological_orthosteric_ligand,X-RAY DIFFRACTION,3.2,2.4,2.0,11.3,0.95,27,20,2 3 5 6 7 45,2x53 3x28 3x29 3x32 3x33 3x36 3x37 45x52 5x39 5x40 5x43 5x44 5x461 6x48 6x51 6x52 6x55 7x34 7x38 7x42
Aminergic receptors,5YC8,acm2_human,3C0,N-methyl scopolamine,Antagonist,pharmacological_orthosteric_ligand,X-RAY DIFFRACTION,2.0,-0.8,1.8,11.8,0.88,27,16,3 4 5 6 7,3x32 3x33 3x36 3x37 3x40 4x57 5x43 5x44 5x461 5x47 6x48 6x51 6x52 7x38 7x41 7x42
Aminergic receptors,5ZHP,acm3_rat,9EC,"(1R,2R,4S,5S,7s)-7-({[4-fluoro-2-(thiophen-2-yl)phenyl]carbamoyl}oxy)-9,9-dimethyl-3-oxa-9-azatricyclo[3.3.1.0~2,4~]nonan-9-ium",Antagonist,pharmacological_orthosteric_ligand,X-RAY DIFFRACTION,2.1,-0.4,2.1,11.6,0.89,27,18,3 4 5 6 7,3x32 3x33 3x36 3x37 3x40 4x57 5x40 5x43 5x44 5x461 5x47 6x48 6x51 6x52 6x55 7x38 7x41 7x42
Aminergic receptors,5ZK3,acm2_human,QNB,CHEMBL558910,Antagonist,pharmacological_orthosteric_ligand,X-RAY DIFFRACTION,2.1,-0.3,2.1,11.8,0.89,27,18,3 4 5 6 7,3x32 3x33 3x36 3x37 3x40 4x57 5x40 5x43 5x44 5x461 5x47 6x48 6x51 6x52 6x55 7x38 7x41 7x42
Aminergic receptors,5ZK8,acm2_human,3C0,N-methyl scopolamine,Antagonist,pharmacological_orthosteric_ligand,X-RAY DIFFRACTION,2.0,-0.8,1.8,11.7,0.88,27,16,3 4 5 6 7,3x32 3x33 3x36 3x37 3x40 4x57 5x43 5x44 5x461 5x47 6x48 6x51 6x52 7x38 7x41 7x42
Aminergic receptors,5ZKB,acm2_human,82F,AF-DX 384,Antagonist,pharmacological_orthosteric_ligand,X-RAY DIFFRACTION,2.0,0.9,1.8,12.2,0.86,27,21,3 4 5 6 7,3x28 3x29 3x32 3x33 3x36 3x37 3x40 4x57 5x40 5x43 5x44 5x461 5x47 6x48 6x51 6x52 6x55 7x37 7x38 7x41 7x42
Aminergic receptors,5ZKC,acm2_human,3C0,N-methyl scopolamine,Antagonist,pharmacological_orthosteric_ligand,X-RAY DIFFRACTION,2.0,-0.8,1.8,11.7,0.88,27,16,3 4 5 6 7,3x32 3x33 3x36 3x37 3x40 4x57 5x43 5x44 5x461 5x47 6x48 6x51 6x52 7x38 7x41 7x42
Aminergic receptors,6A93,5ht2a_human,8NU,risperidone,Antagonist,pharmacological_orthosteric_ligand,X-RAY DIFFRACTION,2.5,2.0,1.5,11.0,0.84,27,19,2 3 5 6 7 45,2x60 3x28 3x32 3x33 3x36 3x37 3x40 45x51 5x461 5x47 6x44 6x48 6x51 6x52 7x31 7x34 7x35 7x38 7x42
Aminergic receptors,6A94,5ht2a_human,ZOT,zotepine,Antagonist,pharmacological_orthosteric_ligand,X-RAY DIFFRACTION,2.3,0.3,2.3,10.8,0.9,27,21,3 5 6 7 45,3x28 3x29 3x32 3x33 3x36 3x37 3x40 45x52 5x39 5x40 5x43 5x44 5x461 5x47 6x44 6x48 6x51 6x52 6x55 7x38 7x42
Aminergic receptors,6BQG,5ht2c_human,ERM,ergotamine,Agonist,pharmacological_orthosteric_ligand,X-RAY DIFFRACTION,5.5,5.4,0.6,10.8,0.88,27,26,3 4 5 6 7 45,3x28 3x32 3x33 3x36 3x37 3x40 45x50 45x51 45x52 4x56 5x39 5x40 5x43 5x44 5x461 6x48 6x51 6x52 6x55 6x58 6x59 7x31 7x34 7x35 7x38 7x42
Aminergic receptors,6BQH,5ht2c_human,E2J,ritanserin,Inverse agonist,pharmacological_orthosteric_ligand,X-RAY DIFFRACTION,1.9,1.7,0.9,11.1,0.88,27,25,2 3 4 5 6 7 45,2x60 3x28 3x32 3x33 3x36 3x37 3x40 45x51 4x56 5x39 5x40 5x43 5x44 5x461 5x47 6x44 6x48 6x51 6x52 6x55 7x31 7x34 7x35 7x38 7x42
Aminergic receptors,6CM4,drd2_human,8NU,risperidone,Inverse agonist,pharmacological_orthosteric_ligand,X-RAY DIFFRACTION,2.3,2.1,1.0,11.0,0.87,27,23,2 3 5 6 7 23 45,23x50 2x60 2x63 3x28 3x32 3x33 3x36 3x37 3x40 45x52 5x39 5x43 5x461 5x47 6x44 6x48 6x51 6x52 6x55 7x34 7x35 7x38 7x42
Aminergic receptors,6DRX,5ht2b_human,H8G,lisuride,Antagonist,pharmacological_orthosteric_ligand,X-RAY DIFFRACTION,3.5,2.8,2.2,10.7,1.0,27,21,3 4 5 6 7 45,3x28 3x29 3x32 3x33 3x36 3x37 45x50 45x51 45x52 4x56 5x39 5x40 5x43 5x44 5x461 6x48 6x51 6x52 6x55 7x38 7x42
Aminergic receptors,6DRY,5ht2b_human,H8D,methylergonovine,Agonist,pharmacological_orthosteric_ligand,X-RAY DIFFRACTION,3.7,3.3,1.6,10.8,0.96,27,23,3 4 5 6 7 45,3x29 3x32 3x33 3x36 3x37 45x50 45x51 45x52 4x56 5x39 5x40 5x43 5x44 5x461 6x48 6x51 6x52 6x55 7x31 7x34 7x35 7x38 7x42
Aminergic receptors,6DRZ,5ht2b_human,H8J,methysergide,Antagonist,pharmacological_orthosteric_ligand,X-RAY DIFFRACTION,3.4,3.0,1.6,10.8,0.92,27,24,3 4 5 6 7 45,3x29 3x32 3x33 3x36 3x37 45x50 45x51 45x52 4x56 5x39 5x40 5x43 5x44 5x461 5x47 6x48 6x51 6x52 6x55 7x31 7x34 7x35 7x38 7x42
Aminergic receptors,6DS0,5ht2b_human,H8M,LY266097,Antagonist,pharmacological_orthosteric_ligand,X-RAY DIFFRACTION,4.2,3.9,1.7,10.8,0.92,27,25,2 3 4 5 6 7 45,2x60 2x63 3x28 3x29 3x32 3x33 3x36 45x51 45x52 4x56 5x39 5x40 5x43 5x44 5x461 6x48 6x51 6x52 6x55 7x31 7x34 7x35 7x38 7x39 7x42
Aminergic receptors,6E67,adrb2_human,P0G,CHEMBL1615159,Agonist,pharmacological_orthosteric_ligand,X-RAY DIFFRACTION,4.5,4.3,1.3,11.0,0.96,27,23,3 5 6 7 45,3x28 3x29 3x32 3x33 3x36 3x37 45x50 45x51 45x52 5x39 5x40 5x43 5x44 5x461 6x48 6x51 6x52 6x55 7x31 7x34 7x35 7x38 7x42
Aminergic receptors,6G79,5ht1b_human,EP5,donitriptan,Agonist,pharmacological_orthosteric_ligand,ELECTRON MICROSCOPY,5.7,5.2,2.4,11.4,0.81,27,21,3 4 5 6 7 45,3x32 3x33 3x36 3x37 45x52 4x56 5x40 5x43 5x44 5x461 6x48 6x51 6x52 6x54 6x55 6x58 7x30 7x31 7x34 7x38 7x42
Aminergic receptors,6H7J,adrb1_melga,5FW,LEVISOPRENALINE,Agonist,pharmacological_orthosteric_ligand,X-RAY DIFFRACTION,3.1,2.4,2.0,10.9,1.0,27,18,3 4 5 6 7 45,3x28 3x29 3x32 3x33 3x36 3x37 45x52 4x56 5x40 5x43 5x44 5x461 6x48 6x51 6x52 6x55 7x38 7x42
Aminergic receptors,6H7L,adrb1_melga,Y00,Dobutamine,Agonist,pharmacological_orthosteric_ligand,X-RAY DIFFRACTION,4.6,3.9,2.4,10.9,0.87,27,23,2 3 5 6 7 45,2x60 2x61 2x63 2x64 3x28 3x29 3x32 3x33 3x36 3x37 45x52 5x39 5x40 5x43 5x44 5x461 6x51 6x52 6x55 7x35 7x38 7x39 7x42
Aminergic receptors,6H7M,adrb1_melga,68H,levosalbutamol,Agonist,pharmacological_orthosteric_ligand,X-RAY DIFFRACTION,3.3,2.7,1.9,10.9,1.0,27,19,3 5 6 7 45,3x28 3x29 3x32 3x33 3x36 3x37 45x52 5x39 5x40 5x43 5x44 5x461 6x48 6x51 6x52 6x55 7x34 7x38 7x42
Aminergic receptors,6H7N,adrb1_melga,FVK,(S)-Xamoterol,Agonist,pharmacological_orthosteric_ligand,X-RAY DIFFRACTION,4.1,3.3,2.4,11.1,0.88,27,24,2 3 4 5 6 7 45,2x60 2x61 2x63 2x64 3x28 3x29 3x32 3x33 3x36 3x37 45x50 45x52 4x56 5x43 5x44 5x461 6x48 6x51 6x52 6x55 7x35 7x38 7x39 7x42
Aminergic receptors,6H7O,adrb1_melga,P32,(S)-Cyanopindolol,Agonist,pharmacological_orthosteric_ligand,X-RAY DIFFRACTION,3.3,2.6,2.0,11.1,1.0,27,19,3 4 5 6 7 45,3x28 3x29 3x32 3x33 3x36 3x37 45x52 4x56 5x39 5x40 5x43 5x44 5x461 6x48 6x51 6x52 6x55 7x38 7x42
Aminergic receptors,6IBL,adrb1_melga,H98,ARFORMOTEROL,Agonist,pharmacological_orthosteric_ligand,X-RAY DIFFRACTION,4.6,4.5,1.1,10.8,0.96,27,24,2 3 5 6 7 45,2x63 3x28 3x29 3x32 3x33 3x36 3x37 45x50 45x51 45x52 5x39 5x40 5x43 5x44 5x461 6x48 6x51 6x52 6x55 7x31 7x34 7x35 7x38 7x42
Aminergic receptors,6IQL,drd4_mouse,L74,L745870,Antagonist,pharmacological_orthosteric_ligand,X-RAY DIFFRACTION,7.4,6.2,4.1,10.8,0.76,27,17,2 3 5 6 7 23,23x49 23x50 2x56 2x60 2x63 3x25 3x28 3x29 3x32 3x33 3x36 5x43 6x48 6x51 6x52 6x55 7x42
Aminergic receptors,6K41,ada2b_human,CZX,dexmedetomidine,Agonist,pharmacological_orthosteric_ligand,ELECTRON MICROSCOPY,1.6,1.0,1.3,11.4,0.94,27,17,3 5 6 7 45,3x32 3x33 3x36 3x37 3x40 45x52 5x43 5x44 5x461 6x48 6x51 6x52 6x55 7x37 7x38 7x41 7x42
Aminergic receptors,6K42,ada2b_human,CZX,dexmedetomidine,Agonist,pharmacological_orthosteric_ligand,ELECTRON MICROSCOPY,1.6,0.5,1.5,11.8,1.0,27,15,3 5 6 7 45,3x32 3x33 3x36 3x37 45x52 5x43 5x44 5x461 6x48 6x51 6x52 6x55 7x38 7x41 7x42
Aminergic receptors,6KUW,ada2c_human,E33,"(8Ar,12aS,13aR)-12-ethylsulfonyl-3-methoxy-5,6,8,8a,9,10,11,12a,13,13a-decahydroisoquinolino[2,1-g][1,6]naphthyridine",Antagonist,pharmacological_orthosteric_ligand,X-RAY DIFFRACTION,4.0,3.6,1.7,10.7,1.0,27,19,2 3 5 6 7 45,2x60 3x28 3x29 3x32 3x33 3x36 3x37 45x52 5x39 5x43 5x44 5x461 6x48 6x51 6x52 6x55 7x34 7x38 7x42
Aminergic receptors,6KUX,ada2a_human,E3F,RS79948,Antagonist,pharmacological_orthosteric_ligand,X-RAY DIFFRACTION,4.5,4.1,2.0,11.2,1.0,27,18,2 3 5 6 7 45,2x60 3x28 3x32 3x33 3x36 3x37 45x50 45x51 45x52 5x43 5x461 6x48 6x51 6x52 6x55 7x34 7x38 7x42
Aminergic receptors,6KUY,ada2a_human,E39,"(2~{S})-4-fluoranyl-2-(1~{H}-imidazol-5-yl)-1-propan-2-yl-2,3-dihydroindole",Agonist (partial),pharmacological_orthosteric_ligand,X-RAY DIFFRACTION,2.0,1.0,1.8,11.1,0.87,27,15,3 5 6 7 45,3x32 3x33 3x35 3x36 3x37 45x52 5x43 5x461 5x47 6x48 6x51 6x52 6x55 7x38 7x42
Aminergic receptors,6LUQ,drd2_human,GMJ,haloperidol,Antagonist,pharmacological_orthosteric_ligand,X-RAY DIFFRACTION,2.9,2.2,1.8,11.1,0.82,27,22,2 3 5 6 7 23 45,23x50 2x63 3x25 3x28 3x29 3x32 3x33 3x36 3x37 3x40 45x52 5x39 5x43 5x461 5x47 6x44 6x48 6x51 6x52 7x34 7x38 7x42
Aminergic receptors,6MXT,adrb2_human,K5Y,salmeterol,Agonist,pharmacological_orthosteric_ligand,X-RAY DIFFRACTION,6.3,6.3,0.6,11.1,0.88,27,26,2 3 5 6 7 45,2x63 3x28 3x29 3x32 3x33 3x36 3x37 45x50 45x51 45x52 5x39 5x40 5x43 5x44 5x461 6x48 6x51 6x52 6x55 6x58 7x30 7x31 7x34 7x35 7x38 7x42
Aminergic receptors,6N48,adrb2_human,P0G,CHEMBL1615159,Agonist,pharmacological_orthosteric_ligand,X-RAY DIFFRACTION,4.3,4.1,1.3,10.9,1.0,27,23,2 3 5 6 7 45,2x63 3x28 3x29 3x32 3x33 3x36 3x37 45x50 45x51 45x52 5x39 5x40 5x43 5x44 5x461 6x48 6x51 6x52 6x55 7x34 7x35 7x38 7x42
Aminergic receptors,6NI3,adrb2_human,P0G,CHEMBL1615159,Agonist,pharmacological_orthosteric_ligand,ELECTRON MICROSCOPY,4.6,4.4,1.4,11.2,0.95,27,22,2 3 5 6 7 45,2x63 3x28 3x29 3x32 3x33 3x36 3x37 45x50 45x51 45x52 5x40 5x43 5x44 5x461 6x51 6x52 6x55 7x31 7x34 7x35 7x38 7x42
Aminergic receptors,6OBA,adrb2_human,JTZ,CHEMBL1160734,Antagonist,pharmacological_orthosteric_ligand,X-RAY DIFFRACTION,2.9,2.0,2.1,11.2,1.0,27,19,3 5 6 7 45,3x28 3x29 3x32 3x33 3x36 3x37 45x52 5x39 5x40 5x43 5x44 5x461 6x48 6x51 6x52 6x55 7x34 7x38 7x42
Aminergic receptors,6OIJ,acm1_human,IXO,iperoxo,Agonist,pharmacological_orthosteric_ligand,ELECTRON MICROSCOPY,2.1,-1.1,1.8,11.8,0.86,27,14,3 4 5 6 7,3x32 3x33 3x36 3x37 3x40 4x57 5x461 5x47 6x48 6x51 6x52 7x38 7x41 7x42
Aminergic receptors,6OIK,acm2_human,IXO,iperoxo,Agonist,pharmacological_orthosteric_ligand,ELECTRON MICROSCOPY,2.2,-1.7,1.3,11.9,0.85,27,13,3 4 5 6 7,3x33 3x36 3x37 3x40 4x57 5x461 5x47 6x48 6x51 6x52 7x38 7x41 7x42
Aminergic receptors,6OL9,acm5_human,0HK,tiotropium,Inverse agonist,pharmacological_orthosteric_ligand,X-RAY DIFFRACTION,1.9,-0.2,1.9,11.7,0.89,27,18,3 4 5 6 7,3x32 3x33 3x36 3x37 3x40 4x57 5x40 5x43 5x44 5x461 5x47 6x48 6x51 6x52 6x55 7x38 7x41 7x42
Aminergic receptors,6PRZ,adrb2_human,JTZ,CHEMBL1160734,Antagonist,pharmacological_orthosteric_ligand,X-RAY DIFFRACTION,3.2,2.3,2.2,11.3,1.0,27,19,3 5 6 7 45,3x28 3x29 3x32 3x33 3x36 3x37 45x52 5x39 5x40 5x43 5x44 5x461 6x48 6x51 6x52 6x55 7x34 7x38 7x42
Aminergic receptors,6PS0,adrb2_human,CAU,carazolol,Antagonist,pharmacological_orthosteric_ligand,X-RAY DIFFRACTION,3.3,2.3,2.3,11.2,0.95,27,19,2 3 5 6 7 45,2x53 3x28 3x29 3x32 3x33 3x36 3x37 45x52 5x39 5x40 5x43 5x44 5x461 6x48 6x51 6x52 6x55 7x38 7x42
Aminergic receptors,6PS1,adrb2_human,TIM,timolol,Antagonist,pharmacological_orthosteric_ligand,X-RAY DIFFRACTION,2.9,2.1,2.1,11.3,0.95,27,20,2 3 5 6 7 45,2x53 3x28 3x29 3x32 3x33 3x36 3x37 45x52 5x39 5x40 5x43 5x44 5x461 6x48 6x51 6x52 6x55 7x34 7x38 7x42
Aminergic receptors,6PS2,adrb2_human,JTZ,CHEMBL1160734,Antagonist,pharmacological_orthosteric_ligand,X-RAY DIFFRACTION,3.0,2.0,2.2,11.3,0.95,27,20,2 3 5 6 7 45,2x53 3x28 3x29 3x32 3x33 3x36 3x37 45x52 5x39 5x40 5x43 5x44 5x461 6x48 6x51 6x52 6x55 7x34 7x38 7x42
Aminergic receptors,6PS3,adrb2_human,CVD,CHEMBL3799125,Antagonist,pharmacological_orthosteric_ligand,X-RAY DIFFRACTION,4.0,3.7,1.7,11.6,0.92,27,26,2 3 5 6 7 45,2x60 2x63 2x64 3x28 3x29 3x32 3x33 3x36 3x37 45x50 45x51 45x52 5x39 5x40 5x43 5x44 5x461 6x48 6x51 6x52 6x55 7x34 7x35 7x38 7x39 7x42
Aminergic receptors,6PS4,adrb2_human,JRZ,ICI 118551,Antagonist,pharmacological_orthosteric_ligand,X-RAY DIFFRACTION,2.9,2.1,2.0,11.5,1.0,27,19,3 5 6 7 45,3x28 3x29 3x32 3x33 3x36 3x37 45x52 5x39 5x40 5x43 5x44 5x461 6x48 6x51 6x52 6x55 7x34 7x38 7x42
Aminergic receptors,6PS5,adrb2_human,SNP,(-)-propranolol,Antagonist,pharmacological_orthosteric_ligand,X-RAY DIFFRACTION,3.1,2.2,2.2,11.5,1.0,27,19,3 5 6 7 45,3x28 3x29 3x32 3x33 3x36 3x37 45x52 5x39 5x40 5x43 5x44 5x461 6x48 6x51 6x52 6x55 7x34 7x38 7x42
Aminergic receptors,6PS6,adrb2_human,TIM,timolol,Antagonist,pharmacological_orthosteric_ligand,X-RAY DIFFRACTION,2.9,2.1,2.0,11.5,0.95,27,20,2 3 5 6 7 45,2x53 3x28 3x29 3x32 3x33 3x36 3x37 45x52 5x39 5x40 5x43 5x44 5x461 6x48 6x51 6x52 6x55 7x34 7x38 7x42
Aminergic receptors,6TKO,adrb1_melga,H98,ARFORMOTEROL,Agonist,pharmacological_orthosteric_ligand,ELECTRON MICROSCOPY,4.7,4.5,1.3,11.1,0.96,27,24,2 3 5 6 7 45,2x63 3x28 3x29 3x32 3x33 3x36 3x37 45x50 45x51 45x52 5x39 5x40 5x43 5x44 5x461 6x48 6x51 6x52 6x55 7x31 7x34 7x35 7x38 7x42
Aminergic receptors,6U1N,acm2_human,2CU,LY2119620,Agonist,pharmacological_orthosteric_ligand,ELECTRON MICROSCOPY,13.1,12.1,4.9,11.7,0.62,27,13,2 3 6 7 23 45,23x49 2x60 2x63 2x64 2x67 3x33 45x50 45x51 45x52 6x58 7x31 7x34 7x35
Aminergic receptors,6VMS,drd2_human,08Y,bromocriptine,Agonist,pharmacological_orthosteric_ligand,ELECTRON MICROSCOPY,5.0,4.8,1.2,11.2,0.96,27,25,2 3 5 6 7 45,2x63 3x28 3x29 3x32 3x33 3x36 3x37 3x40 45x50 45x51 45x52 5x39 5x40 5x43 5x44 5x461 6x48 6x51 6x52 6x55 7x31 7x34 7x35 7x38 7x42
Aminergic receptors,6WGT,5ht2a_human,7LD,Lysergide,Agonist,pharmacological_orthosteric_ligand,X-RAY DIFFRACTION,3.6,3.2,1.7,10.9,1.0,27,23,2 3 5 6 7 45,2x60 3x28 3x29 3x32 3x33 3x36 3x37 45x50 45x51 45x52 5x39 5x40 5x43 5x44 5x461 6x48 6x51 6x52 6x55 7x34 7x35 7x38 7x42
Aminergic receptors,6WH4,5ht2a_human,89F,CHEMBL428892,Inverse agonist,pharmacological_orthosteric_ligand,X-RAY DIFFRACTION,2.6,0.7,2.5,11.0,0.91,27,22,3 5 6 7 45,3x28 3x29 3x32 3x33 3x36 3x37 3x40 45x50 45x52 5x39 5x40 5x43 5x44 5x461 5x47 6x44 6x48 6x51 6x52 6x55 7x38 7x42
Aminergic receptors,6WHA,5ht2a_human,U0G,CHEMBL5184791,Agonist,pharmacological_orthosteric_ligand,ELECTRON MICROSCOPY,1.1,-0.1,1.0,11.2,0.89,27,18,2 3 5 6 7 45,2x53 3x32 3x33 3x36 3x37 45x52 5x40 5x43 5x44 5x461 6x48 6x51 6x52 6x55 7x37 7x38 7x41 7x42
Aminergic receptors,6WJC,acm1_human,OIN,HYOSCYAMINE,Antagonist,pharmacological_orthosteric_ligand,X-RAY DIFFRACTION,1.8,-0.6,1.7,12.0,0.88,27,16,3 4 5 6 7,3x32 3x33 3x36 3x37 3x40 4x57 5x43 5x44 5x461 5x47 6x48 6x51 6x52 6x55 7x41 7x42
Aminergic receptors,6ZFZ,acm1_human,QJT,CHEMBL3354065,Agonist,pharmacological_orthosteric_ligand,X-RAY DIFFRACTION,6.1,3.3,5.1,11.6,0.75,27,20,2 3 4 5 6 7 23 45,23x50 2x551 2x56 2x59 2x60 2x63 3x28 3x29 3x32 3x33 3x36 3x37 45x50 4x57 5x461 6x48 6x51 7x38 7x41 7x42
Aminergic receptors,6ZG4,acm1_human,QK8,HTL-9936,Agonist,pharmacological_orthosteric_ligand,X-RAY DIFFRACTION,5.4,2.9,4.5,11.4,0.8,27,20,2 3 4 5 6 7 23 45,23x50 2x59 2x60 2x63 3x25 3x28 3x29 3x32 3x33 3x36 3x37 3x40 45x50 4x57 5x461 6x48 6x51 7x38 7x41 7x42
Aminergic receptors,6ZG9,acm1_human,QK2,7-fluoro-5-methyl-3-[1-(oxan-4-yl)piperidin-4-yl]-1H-benzimidazol-2-one,Agonist,pharmacological_orthosteric_ligand,X-RAY DIFFRACTION,7.0,4.3,5.5,11.5,0.79,27,19,2 3 6 7 23 45,23x50 2x551 2x56 2x59 2x60 2x63 3x28 3x29 3x32 3x33 3x36 45x50 45x51 45x52 6x48 6x51 7x38 7x41 7x42
Aminergic receptors,7BTS,adrb1_human,ALE,(-)-adrenaline,Agonist,pharmacological_orthosteric_ligand,X-RAY DIFFRACTION,3.0,2.1,2.1,10.7,1.0,27,18,3 5 6 7 45,3x28 3x29 3x32 3x33 3x36 3x37 45x52 5x39 5x40 5x43 5x44 5x461 6x48 6x51 6x52 6x55 7x38 7x42
Aminergic receptors,7BU6,adrb1_human,E5E,Noradrenaline,Agonist,pharmacological_orthosteric_ligand,X-RAY DIFFRACTION,2.9,1.8,2.3,10.7,1.0,27,15,3 5 6 7 45,3x32 3x33 3x36 3x37 45x52 5x39 5x43 5x44 5x461 6x48 6x51 6x52 6x55 7x38 7x42
Aminergic receptors,7BU7,adrb1_human,P0G,CHEMBL1615159,Agonist,pharmacological_orthosteric_ligand,X-RAY DIFFRACTION,4.5,4.3,1.2,10.9,1.0,27,24,2 3 4 5 6 7 45,2x63 3x28 3x29 3x32 3x33 3x36 3x37 45x50 45x51 45x52 4x56 5x39 5x40 5x43 5x44 5x461 6x48 6x51 6x52 6x55 7x34 7x35 7x38 7x42
Aminergic receptors,7BVQ,adrb1_human,CAU,Carazolol,Inverse agonist,pharmacological_orthosteric_ligand,X-RAY DIFFRACTION,3.3,2.5,2.3,11.3,1.0,27,18,3 5 6 7 45,3x28 3x29 3x32 3x33 3x36 3x37 45x52 5x39 5x40 5x43 5x44 5x461 6x48 6x51 6x52 6x55 7x38 7x42
Aminergic receptors,7BZ2,adrb2_human,H98,ARFORMOTEROL,Agonist,pharmacological_orthosteric_ligand,ELECTRON MICROSCOPY,4.8,4.6,1.3,11.2,1.0,27,21,2 3 5 6 7 45,2x63 3x28 3x29 3x32 3x33 3x36 3x37 45x50 45x51 45x52 5x39 5x40 5x43 5x44 5x461 6x51 6x52 6x55 7x34 7x38 7x42
Aminergic receptors,7C61,5ht1b_human,ERM,ergotamine,Antagonist,pharmacological_orthosteric_ligand,X-RAY DIFFRACTION,5.5,5.4,1.1,11.4,0.92,27,24,2 3 5 6 7 45,2x63 3x28 3x29 3x32 3x33 3x36 3x37 3x40 45x50 45x51 45x52 5x39 5x43 5x461 6x48 6x51 6x52 6x55 6x58 7x31 7x34 7x35 7x38 7x42
Aminergic receptors,7CKW,drd1_human,G3C,fenoldopam,Agonist,pharmacological_orthosteric_ligand,ELECTRON MICROSCOPY,4.0,3.5,1.8,11.1,1.0,27,19,3 5 6 7 45,3x29 3x32 3x33 3x36 3x37 45x51 45x52 5x39 5x40 5x43 5x44 5x461 6x48 6x51 6x52 6x55 7x34 7x38 7x42
Aminergic receptors,7CKX,drd1_human,G3O,A77636,Agonist,pharmacological_orthosteric_ligand,ELECTRON MICROSCOPY,3.8,3.3,1.8,11.1,1.0,27,18,3 5 6 7 45,3x28 3x29 3x32 3x33 3x36 3x37 45x52 5x40 5x43 5x44 5x461 6x48 6x51 6x52 6x55 7x34 7x38 7x42
Aminergic receptors,7CKY,drd1_human,G3U,CHEMBL3697578,Agonist,pharmacological_orthosteric_ligand,ELECTRON MICROSCOPY,4.6,4.4,1.5,11.3,0.96,27,24,2 3 4 5 6 7 45,2x60 3x25 3x28 3x29 3x32 3x33 3x36 3x37 45x50 45x51 45x52 4x56 5x40 5x43 5x44 5x461 6x48 6x51 6x52 6x55 7x34 7x35 7x38 7x42
Aminergic receptors,7CKZ,drd1_human,LDP,dopamine,Agonist,pharmacological_orthosteric_ligand,ELECTRON MICROSCOPY,2.7,0.8,2.6,11.3,0.93,27,15,3 4 5 6 7,3x32 3x33 3x36 3x37 4x56 5x43 5x44 5x461 5x47 6x48 6x51 6x52 6x55 7x38 7x42
Aminergic receptors,7CMU,drd3_human,G6L,pramipexole,Agonist,pharmacological_orthosteric_ligand,ELECTRON MICROSCOPY,2.2,1.4,1.7,11.4,1.0,27,17,3 4 5 6 7 45,3x32 3x33 3x36 3x37 45x52 4x56 5x43 5x44 5x461 6x48 6x51 6x52 6x55 7x34 7x38 7x41 7x42
Aminergic receptors,7CMV,drd3_human,G6O,CHEMBL70565,Agonist,pharmacological_orthosteric_ligand,ELECTRON MICROSCOPY,2.2,1.6,1.5,11.2,1.0,27,18,3 5 6 7 45,3x32 3x33 3x36 3x37 45x52 5x39 5x40 5x43 5x44 5x461 6x48 6x51 6x52 6x55 7x34 7x38 7x41 7x42
Aminergic receptors,7CRH,drd1_human,GBU,CHEMBL1416789,Agonist,pharmacological_orthosteric_ligand,ELECTRON MICROSCOPY,3.6,3.1,1.8,11.6,1.0,27,17,3 5 6 7 45,3x29 3x32 3x33 3x36 3x37 45x52 5x40 5x43 5x44 5x461 6x48 6x51 6x52 6x55 7x34 7x38 7x42
Aminergic receptors,7DFL,hrh1_human,HSM,histamine,Agonist,pharmacological_orthosteric_ligand,ELECTRON MICROSCOPY,2.2,0.2,2.2,11.3,0.92,27,12,3 4 5 6 7,3x32 3x33 3x36 3x37 4x57 5x461 6x48 6x51 6x52 6x55 7x38 7x42
Aminergic receptors,7DFP,drd2_human,SIP,spiperone,Antagonist,pharmacological_orthosteric_ligand,X-RAY DIFFRACTION,4.0,2.4,3.2,11.4,0.78,27,23,2 3 5 6 7 23 45,23x50 2x56 2x59 2x60 2x63 3x28 3x29 3x32 3x33 3x36 3x37 3x40 45x50 45x51 45x52 5x461 5x47 6x44 6x48 6x51 6x52 7x38 7x42
Aminergic receptors,7DH5,adrb3_canlf,H6U,mirabegron,Agonist,pharmacological_orthosteric_ligand,ELECTRON MICROSCOPY,7.4,7.3,1.0,10.9,0.9,27,21,2 3 5 6 7 45,2x63 3x28 3x32 3x33 3x36 3x37 45x50 45x51 45x52 5x43 5x44 5x461 6x48 6x51 6x52 6x58 7x31 7x34 7x35 7x38 7x42
Aminergic receptors,7DHI,adrb2_human,68H,levosalbutamol,Agonist,pharmacological_orthosteric_ligand,ELECTRON MICROSCOPY,3.4,2.8,1.9,11.1,1.0,27,18,3 5 6 7 45,3x28 3x29 3x32 3x33 3x36 3x37 45x52 5x39 5x43 5x44 5x461 6x48 6x51 6x52 6x55 7x34 7x38 7x42
Aminergic receptors,7DHR,adrb2_human,5FW,LEVISOPRENALINE,Agonist,pharmacological_orthosteric_ligand,ELECTRON MICROSCOPY,3.4,2.7,2.0,11.2,1.0,27,17,3 5 6 7 45,3x28 3x29 3x32 3x33 3x36 3x37 45x52 5x39 5x43 5x44 5x461 6x48 6x52 6x55 7x34 7x38 7x42
Aminergic receptors,7E2Y,5ht1a_human,SRO,5-hydroxytryptamine,Agonist,pharmacological_orthosteric_ligand,ELECTRON MICROSCOPY,2.8,1.3,2.5,11.3,1.0,27,13,3 5 6 7 45,3x32 3x33 3x36 3x37 45x52 5x43 5x44 5x461 6x48 6x51 6x52 6x55 7x42
Aminergic receptors,7E2Z,5ht1a_human,9SC,aripiprazole,Agonist (partial),pharmacological_orthosteric_ligand,ELECTRON MICROSCOPY,5.2,4.4,2.8,11.5,0.86,27,21,2 3 5 6 7 45,2x60 2x63 2x64 2x67 3x28 3x32 3x33 3x36 3x37 45x52 5x43 5x44 5x461 6x48 6x51 6x52 6x55 7x31 7x35 7x38 7x42
Aminergic receptors,7E32,5ht1d_human,SRO,5-hydroxytryptamine,Agonist,pharmacological_orthosteric_ligand,ELECTRON MICROSCOPY,2.8,1.3,2.5,11.3,1.0,27,14,3 4 5 6 7 45,3x32 3x33 3x36 3x37 45x52 4x56 5x43 5x44 5x461 6x48 6x51 6x52 6x55 7x42
Aminergic receptors,7E33,5ht1e_human,HVU,BRL-54443,Agonist,pharmacological_orthosteric_ligand,ELECTRON MICROSCOPY,2.5,1.5,1.9,11.7,1.0,27,15,3 4 5 6 7,3x32 3x33 3x36 3x37 4x56 5x40 5x43 5x44 5x461 6x48 6x51 6x52 6x55 7x38 7x42
Aminergic receptors,7EJ0,ada2a_human,E5E,(-)-noradrenaline,Agonist,pharmacological_orthosteric_ligand,ELECTRON MICROSCOPY,3.0,1.1,2.8,11.6,1.0,27,14,3 5 6 7 45,3x32 3x33 3x36 3x37 45x52 5x43 5x44 5x461 6x48 6x51 6x52 6x55 7x38 7x42
Aminergic receptors,7EJ8,ada2a_human,J59,brimonidine (UK14304),Agonist,pharmacological_orthosteric_ligand,ELECTRON MICROSCOPY,2.2,1.4,1.7,11.5,1.0,27,16,3 5 6 7 45,3x32 3x33 3x36 3x37 45x52 5x39 5x43 5x44 5x461 6x48 6x51 6x52 6x55 7x38 7x41 7x42
Aminergic receptors,7EJA,ada2a_human,CZX,dexmedetomidine,Agonist,pharmacological_orthosteric_ligand,ELECTRON MICROSCOPY,2.0,1.3,1.5,11.3,0.93,27,14,2 3 5 6 7 45,2x56 3x32 3x33 3x36 3x37 45x52 5x43 5x461 6x48 6x51 6x52 6x55 7x38 7x42
Aminergic receptors,7EJK,ada2a_human,J5C,oxymetazoline,Agonist,pharmacological_orthosteric_ligand,ELECTRON MICROSCOPY,2.8,2.1,1.9,11.6,1.0,27,13,3 5 6 7,3x32 3x33 3x36 3x37 5x39 5x40 5x43 5x44 6x48 6x51 6x55 7x38 7x42
Aminergic receptors,7EXD,5ht1f_human,05X,lasmiditan,Agonist,pharmacological_orthosteric_ligand,ELECTRON MICROSCOPY,4.1,3.3,2.4,11.5,0.89,27,19,3 4 5 6 7 45,3x28 3x32 3x33 3x36 3x37 45x52 4x56 4x60 5x40 5x43 5x44 5x461 6x48 6x51 6x52 6x55 6x59 7x38 7x42
Aminergic receptors,7F0T,drd1_human,LDP,dopamine,Agonist,pharmacological_orthosteric_ligand,ELECTRON MICROSCOPY,3.2,1.2,3.0,11.2,1.0,27,15,3 5 6 7,3x32 3x33 3x36 3x37 5x39 5x40 5x43 5x44 5x461 6x48 6x51 6x52 6x55 7x38 7x42
Aminergic receptors,7F1O,drd1_human,LDP,dopamine,Agonist,pharmacological_orthosteric_ligand,ELECTRON MICROSCOPY,3.1,1.2,2.9,11.2,1.0,27,15,3 5 6 7,3x32 3x33 3x36 3x37 5x39 5x40 5x43 5x44 5x461 6x48 6x51 6x52 6x55 7x38 7x42
Aminergic receptors,7F1Z,drd1_human,LDP,dopamine,Agonist,pharmacological_orthosteric_ligand,ELECTRON MICROSCOPY,3.4,1.1,3.3,11.2,1.0,27,15,3 5 6 7,3x32 3x33 3x36 3x37 5x39 5x40 5x43 5x44 5x461 6x48 6x51 6x52 6x55 7x38 7x42
Aminergic receptors,7F23,drd1_human,LDP,dopamine,Agonist,pharmacological_orthosteric_ligand,ELECTRON MICROSCOPY,3.1,1.3,2.8,11.2,1.0,27,15,3 5 6 7,3x32 3x33 3x36 3x37 5x39 5x40 5x43 5x44 5x461 6x48 6x51 6x52 6x55 7x38 7x42
Aminergic receptors,7F24,drd1_human,LDP,dopamine,Agonist,pharmacological_orthosteric_ligand,ELECTRON MICROSCOPY,3.5,1.3,3.2,11.4,1.0,27,15,3 5 6 7,3x32 3x33 3x36 3x37 5x39 5x40 5x43 5x44 5x461 6x48 6x51 6x52 6x55 7x38 7x42
Aminergic receptors,7F61,hrh3_human,1IB,N-ethyl-3-fluoro-3-[3-fluoro-4-(pyrrolidin-1-ylmethyl)phenyl]cyclobutane-1-carboxamide,Antagonist,pharmacological_orthosteric_ligand,X-RAY DIFFRACTION,7.3,6.3,3.5,11.0,0.94,27,18,2 3 6 7 45,2x60 2x63 2x64 3x28 3x29 3x32 3x33 3x36 45x50 45x51 45x52 6x51 6x55 7x34 7x35 7x38 7x41 7x42
Aminergic receptors,7JJO,adrb1_melga,5FW,LEVISOPRENALINE,Agonist,pharmacological_orthosteric_ligand,ELECTRON MICROSCOPY,3.2,2.6,2.0,11.0,1.0,27,16,3 5 6 7 45,3x28 3x29 3x32 3x33 3x36 3x37 45x52 5x40 5x43 5x44 5x461 6x51 6x52 6x55 7x38 7x42
Aminergic receptors,7JOZ,drd1_human,VFP,CHEMBL4453318,Agonist,pharmacological_orthosteric_ligand,X-RAY DIFFRACTION,5.0,4.9,1.0,11.5,1.0,27,18,3 5 6 7 45,3x28 3x29 3x32 3x33 3x36 3x37 45x50 45x51 45x52 5x43 5x461 6x48 6x51 6x52 6x55 7x34 7x38 7x42
Aminergic receptors,7JV5,drd1_human,SK0,CHEMBL1160787,Agonist,pharmacological_orthosteric_ligand,ELECTRON MICROSCOPY,3.6,3.1,1.9,11.5,1.0,27,18,3 5 6 7 45,3x29 3x32 3x33 3x36 3x37 45x52 5x39 5x40 5x43 5x44 5x461 6x48 6x51 6x52 6x55 7x34 7x38 7x42
Aminergic receptors,7JVP,drd1_human,SK9,39YLC3L0ZU,Agonist,pharmacological_orthosteric_ligand,ELECTRON MICROSCOPY,3.8,3.2,2.1,11.4,1.0,27,18,3 5 6 7 45,3x29 3x32 3x33 3x36 3x37 45x52 5x39 5x40 5x43 5x44 5x461 6x48 6x51 6x52 6x55 7x34 7x38 7x42
Aminergic receptors,7JVQ,drd1_human,OR9,apomorphine,Agonist,pharmacological_orthosteric_ligand,ELECTRON MICROSCOPY,2.8,2.2,1.8,11.6,1.0,27,15,3 5 6 7,3x32 3x33 3x36 3x37 5x39 5x40 5x43 5x44 5x461 6x48 6x51 6x52 6x55 7x38 7x42
Aminergic receptors,7JVR,drd2_human,08Y,bromocriptine,Agonist,pharmacological_orthosteric_ligand,ELECTRON MICROSCOPY,5.0,5.0,0.7,11.4,0.96,27,24,2 3 5 6 7 45,2x63 3x28 3x29 3x32 3x33 3x36 3x37 3x40 45x50 45x51 45x52 5x40 5x43 5x44 5x461 6x48 6x51 6x52 6x55 7x31 7x34 7x35 7x38 7x42
Aminergic receptors,7LJC,drd1_human,SK0,CHEMBL1160787,Agonist,pharmacological_orthosteric_ligand,ELECTRON MICROSCOPY,3.4,2.8,1.8,11.4,1.0,27,18,3 5 6 7 45,3x29 3x32 3x33 3x36 3x37 45x52 5x39 5x40 5x43 5x44 5x461 6x48 6x51 6x52 6x55 7x34 7x38 7x42
Aminergic receptors,7LJD,drd1_human,LDP,dopamine,Agonist,pharmacological_orthosteric_ligand,ELECTRON MICROSCOPY,2.7,0.9,2.5,11.6,1.0,27,14,3 5 6 7,3x32 3x33 3x36 3x37 5x40 5x43 5x44 5x461 6x48 6x51 6x52 6x55 7x38 7x42
Aminergic receptors,7RAN,5ht2a_human,3IQ,"3-[(3R)-3-methyl-1,2,3,6-tetrahydropyridin-1-ium-5-yl]-1H-pyrrolo[2,3-b]pyridine",Agonist,pharmacological_orthosteric_ligand,ELECTRON MICROSCOPY,2.8,1.4,2.4,11.3,1.0,27,14,3 5 6 7,3x32 3x33 3x36 3x37 5x40 5x43 5x44 5x461 6x48 6x51 6x52 6x55 7x38 7x42
Aminergic receptors,7S0F,adrb1_melga,5FW,LEVISOPRENALINE,Agonist,pharmacological_orthosteric_ligand,ELECTRON MICROSCOPY,3.1,2.5,1.8,11.0,1.0,27,17,3 5 6 7 45,3x28 3x29 3x32 3x33 3x36 3x37 45x52 5x39 5x43 5x44 5x461 6x48 6x51 6x52 6x55 7x38 7x42
Aminergic receptors,7S0G,adrb1_melga,5FW,LEVISOPRENALINE,Agonist,pharmacological_orthosteric_ligand,ELECTRON MICROSCOPY,3.5,3.0,1.8,11.2,1.0,27,16,3 5 6 7 45,3x28 3x29 3x32 3x33 3x36 3x37 45x52 5x40 5x43 5x44 5x461 6x51 6x52 6x55 7x38 7x42
Aminergic receptors,7SRQ,5ht2b_human,7LD,Lysergide,Agonist,pharmacological_orthosteric_ligand,ELECTRON MICROSCOPY,3.2,2.8,1.6,11.0,1.0,27,21,3 5 6 7 45,3x28 3x29 3x32 3x33 3x36 3x37 45x50 45x52 5x39 5x40 5x43 5x44 5x461 6x48 6x51 6x52 6x55 7x34 7x35 7x38 7x42
Aminergic receptors,7SRR,5ht2b_human,7LD,Lysergide,Agonist,pharmacological_orthosteric_ligand,ELECTRON MICROSCOPY,3.4,2.9,1.8,11.2,1.0,27,22,3 4 5 6 7 45,3x28 3x29 3x32 3x33 3x36 3x37 45x50 45x51 45x52 4x56 5x39 5x40 5x43 5x44 5x461 6x48 6x51 6x52 6x55 7x34 7x38 7x42
Aminergic receptors,7SRS,5ht2b_human,7LD,Lysergide,Agonist,pharmacological_orthosteric_ligand,ELECTRON MICROSCOPY,3.5,3.2,1.5,11.2,1.0,27,20,3 5 6 7 45,3x28 3x29 3x32 3x33 3x36 3x37 45x51 45x52 5x39 5x40 5x43 5x44 5x461 6x48 6x51 6x52 6x55 7x34 7x38 7x42
Aminergic receptors,7T8X,acm2_human,ACH,acetylcholine,Agonist,pharmacological_orthosteric_ligand,ELECTRON MICROSCOPY,1.5,-0.5,1.4,11.6,0.92,27,12,3 4 5 6 7,3x32 3x33 3x36 3x37 4x57 5x461 6x48 6x51 6x52 7x38 7x41 7x42
Aminergic receptors,7T90,acm2_human,ACH,acetylcholine,Agonist,pharmacological_orthosteric_ligand,ELECTRON MICROSCOPY,1.8,-0.3,1.8,11.7,0.9,27,10,3 4 6 7,3x32 3x33 3x36 3x37 4x57 6x48 6x51 7x38 7x41 7x42
Aminergic receptors,7T94,acm2_human,ACH,acetylcholine,Agonist,pharmacological_orthosteric_ligand,ELECTRON MICROSCOPY,1.8,-0.6,1.7,11.5,0.83,27,12,2 3 4 5 6 7,2x53 3x32 3x33 3x36 3x37 3x40 4x57 5x461 6x48 6x51 7x41 7x42
Aminergic receptors,7T96,acm2_human,ACH,acetylcholine,Agonist,pharmacological_orthosteric_ligand,ELECTRON MICROSCOPY,1.8,-0.4,1.7,11.5,0.9,27,10,3 4 6 7,3x32 3x33 3x36 3x37 4x57 6x48 6x51 6x52 7x41 7x42
Aminergic receptors,7TRK,acm4_human,IXO,iperoxo,Agonist,pharmacological_orthosteric_ligand,ELECTRON MICROSCOPY,2.3,-1.5,1.7,11.4,0.86,27,14,3 4 5 6 7,3x32 3x33 3x36 3x37 3x40 4x57 5x461 5x47 6x48 6x51 6x52 7x38 7x41 7x42
Aminergic receptors,7TRP,acm4_human,IXO,iperoxo,Agonist,pharmacological_orthosteric_ligand,ELECTRON MICROSCOPY,2.1,-1.3,1.7,11.6,0.85,27,13,3 4 5 6 7,3x32 3x33 3x36 3x37 3x40 4x57 5x461 5x47 6x48 6x51 6x52 7x41 7x42
Aminergic receptors,7TRQ,acm4_human,IXO,iperoxo,Agonist,pharmacological_orthosteric_ligand,ELECTRON MICROSCOPY,2.0,-1.3,1.4,11.4,0.85,27,13,3 4 5 6 7,3x32 3x33 3x36 3x37 3x40 4x57 5x461 5x47 6x48 6x51 6x52 7x41 7x42
Aminergic receptors,7TRS,acm4_human,ACH,acetylcholine,Agonist,pharmacological_orthosteric_ligand,ELECTRON MICROSCOPY,1.6,-0.6,1.5,11.4,0.92,27,12,3 4 5 6 7,3x32 3x33 3x36 3x37 4x57 5x461 6x48 6x51 6x52 7x38 7x41 7x42
Aminergic receptors,7UL3,hrh2_human,FO9,famotidine,Antagonist,pharmacological_orthosteric_ligand,ELECTRON MICROSCOPY,3.6,2.6,2.5,12.1,0.95,27,19,3 4 5 6 7 45,3x28 3x32 3x33 3x36 3x37 45x50 45x51 45x52 4x56 5x43 5x461 6x48 6x51 6x52 6x55 6x58 7x34 7x38 7x42
Aminergic receptors,7UM4,5ht5a_human,NN6,CHEMBL3654198,Antagonist,pharmacological_orthosteric_ligand,X-RAY DIFFRACTION,3.9,3.3,2.2,11.3,0.95,27,21,2 3 5 6 7 45,2x60 2x64 3x28 3x32 3x33 3x36 3x37 45x51 45x52 5x39 5x40 5x43 5x44 5x461 6x48 6x51 6x52 6x55 7x34 7x38 7x42
Aminergic receptors,7UM5,5ht5a_human,8K3,5-CT,Agonist,pharmacological_orthosteric_ligand,ELECTRON MICROSCOPY,3.2,1.8,2.6,11.4,1.0,27,16,3 5 6 7 45,3x32 3x33 3x36 3x37 45x52 5x39 5x40 5x43 5x44 5x461 6x48 6x51 6x52 6x55 7x38 7x42
Aminergic receptors,7UM6,5ht5a_human,H8G,lisuride,Agonist,pharmacological_orthosteric_ligand,ELECTRON MICROSCOPY,3.5,3.1,1.6,11.5,1.0,27,18,3 5 6 7 45,3x28 3x29 3x32 3x33 3x36 3x37 45x50 45x51 45x52 5x43 5x44 5x461 6x48 6x51 6x52 6x55 7x38 7x42
Aminergic receptors,7UM7,5ht5a_human,H8D,methylergonovine,Agonist,pharmacological_orthosteric_ligand,ELECTRON MICROSCOPY,3.3,2.9,1.6,11.5,1.0,27,17,3 5 6 7 45,3x28 3x29 3x32 3x33 3x36 3x37 45x50 45x52 5x43 5x44 5x461 6x48 6x51 6x52 6x55 7x38 7x42
Aminergic receptors,7V68,acm4_human,IXO,iperoxo,Agonist,pharmacological_orthosteric_ligand,ELECTRON MICROSCOPY,1.9,-1.0,1.6,11.6,0.86,27,14,3 4 5 6 7,3x32 3x33 3x36 3x37 3x40 4x57 5x461 5x47 6x48 6x51 6x52 7x38 7x41 7x42
Aminergic receptors,7VOD,5ht2a_human,7RU,cariprazine,Agonist (partial),pharmacological_orthosteric_ligand,X-RAY DIFFRACTION,0.5,0.5,0.2,11.1,0.76,27,21,3 5 6 7 45,3x28 3x29 3x32 3x33 3x36 3x40 45x50 45x51 45x52 5x47 5x51 6x44 6x45 6x48 6x49 6x51 6x52 7x34 7x35 7x38 7x42
Aminergic receptors,7VOE,5ht2a_human,9SC,aripiprazole,Agonist (partial),pharmacological_orthosteric_ligand,X-RAY DIFFRACTION,1.1,-0.2,1.1,10.9,0.76,27,21,3 5 6 7 45,3x28 3x29 3x32 3x33 3x36 3x40 45x50 45x51 45x52 5x47 5x51 6x44 6x45 6x48 6x49 6x51 6x52 7x34 7x35 7x38 7x42
Aminergic receptors,7W6P,ada2a_human,W96,N-pyridin-4-ylisoquinolin-4-amine,Agonist,pharmacological_orthosteric_ligand,ELECTRON MICROSCOPY,1.9,1.3,1.4,11.4,0.93,27,15,3 5 6 7 45,3x32 3x33 3x36 3x37 45x52 5x43 5x461 6x48 6x51 6x52 6x55 7x38 7x39 7x41 7x42
Aminergic receptors,7W7E,ada2a_human,W58,"5-(3-Bicyclo[4.2.0]octa-1,3,5-trienyl)-1,2,3,6-tetrahydropyridine",Agonist,pharmacological_orthosteric_ligand,ELECTRON MICROSCOPY,2.2,1.1,1.9,11.7,1.0,27,15,3 5 6 7 45,3x32 3x33 3x36 3x37 45x52 5x39 5x43 5x44 5x461 6x48 6x51 6x52 6x55 7x38 7x42
Aminergic receptors,7WC4,5ht2a_human,SRO,5-hydroxytryptamine,Agonist,pharmacological_orthosteric_ligand,X-RAY DIFFRACTION,6.3,5.7,2.7,11.1,1.0,27,13,3 6 7 45,3x28 3x29 3x32 3x33 45x50 45x51 45x52 6x51 6x55 7x34 7x35 7x38 7x42
Aminergic receptors,7WC5,5ht2a_human,91Q,psilocin,Agonist,pharmacological_orthosteric_ligand,X-RAY DIFFRACTION,5.8,5.3,2.4,11.0,1.0,27,13,3 6 7 45,3x28 3x32 3x33 45x50 45x51 45x52 6x48 6x51 6x55 7x34 7x35 7x38 7x42
Aminergic receptors,7WC6,5ht2a_human,7LD,Lysergide,Agonist,pharmacological_orthosteric_ligand,X-RAY DIFFRACTION,3.1,2.5,1.8,11.0,1.0,27,21,2 3 5 6 7 45,2x60 3x28 3x29 3x32 3x33 3x36 3x37 45x50 45x51 45x52 5x39 5x40 5x43 5x44 5x461 6x48 6x51 6x52 6x55 7x38 7x42
Aminergic receptors,7WC7,5ht2a_human,H8G,lisuride,Agonist,pharmacological_orthosteric_ligand,X-RAY DIFFRACTION,3.1,2.5,1.9,11.0,0.95,27,21,2 3 5 6 7 45,2x56 3x28 3x29 3x32 3x33 3x36 3x37 45x50 45x51 45x52 5x39 5x40 5x43 5x44 5x461 6x48 6x51 6x52 6x55 7x38 7x42
Aminergic receptors,7WC8,5ht2a_human,92S,LUMATEPERONE,Agonist,pharmacological_orthosteric_ligand,X-RAY DIFFRACTION,2.5,2.3,1.1,11.0,0.87,27,23,3 5 6 7 45,3x28 3x29 3x32 3x33 3x36 3x37 3x40 45x50 45x51 45x52 5x40 5x461 5x47 6x44 6x48 6x51 6x52 6x55 7x31 7x34 7x35 7x38 7x42
Aminergic receptors,7WC9,5ht2a_human,93F,IHCH-7086,Agonist,pharmacological_orthosteric_ligand,X-RAY DIFFRACTION,2.7,2.7,0.4,10.9,0.86,27,21,3 5 6 7 45,3x28 3x29 3x32 3x33 3x36 45x50 45x51 45x52 5x40 5x44 5x47 6x44 6x48 6x51 6x52 6x55 7x31 7x34 7x35 7x38 7x42
Aminergic receptors,7X2C,drd1_human,G3C,fenoldopam,Agonist,pharmacological_orthosteric_ligand,ELECTRON MICROSCOPY,3.5,2.9,1.9,11.4,0.96,27,24,2 3 5 6 7 45,2x60 3x28 3x29 3x32 3x33 3x36 3x37 3x40 45x51 45x52 5x39 5x40 5x43 5x44 5x461 6x48 6x51 6x52 6x55 7x31 7x34 7x35 7x38 7x42
Aminergic receptors,7X2D,drd1_human,86W,tavapadon,Agonist,pharmacological_orthosteric_ligand,ELECTRON MICROSCOPY,4.4,4.2,1.3,11.5,0.96,27,24,2 3 5 6 7 45,2x60 3x25 3x28 3x29 3x32 3x33 3x36 3x37 3x40 45x50 45x51 45x52 5x39 5x43 5x44 5x461 6x48 6x51 6x52 6x55 7x34 7x35 7x38 7x42
Aminergic receptors,7X2F,drd1_human,LDP,dopamine,Agonist,pharmacological_orthosteric_ligand,ELECTRON MICROSCOPY,2.8,1.0,2.6,11.1,1.0,27,14,3 5 6 7,3x32 3x33 3x36 3x37 5x39 5x43 5x44 5x461 6x48 6x51 6x52 6x55 7x38 7x42
Aminergic receptors,7X5H,5ht5a_human,8K3,5-CT,Agonist,pharmacological_orthosteric_ligand,ELECTRON MICROSCOPY,3.4,2.0,2.8,11.4,1.0,27,16,3 5 6 7 45,3x32 3x33 3x36 3x37 45x52 5x39 5x40 5x43 5x44 5x461 6x48 6x51 6x52 6x55 7x38 7x42
Aminergic receptors,7XJH,adrb3_canlf,5FW,LEVISOPRENALINE,Agonist,pharmacological_orthosteric_ligand,ELECTRON MICROSCOPY,3.2,2.4,2.2,10.9,1.0,27,17,3 5 6 7 45,3x28 3x29 3x32 3x33 3x36 3x37 45x52 5x40 5x43 5x44 5x461 6x48 6x51 6x52 6x55 7x38 7x42
Aminergic receptors,7XJI,adrb3_canlf,EI5,3-[3-[2-[[(2~{S})-2-(3-chlorophenyl)-2-oxidanyl-ethyl]amino]ethylamino]phenyl]benzoic acid,Agonist,pharmacological_orthosteric_ligand,ELECTRON MICROSCOPY,7.8,7.5,2.2,11.2,0.94,27,18,2 3 5 6 7 45,2x63 3x28 3x32 3x33 3x36 45x50 45x51 45x52 5x43 5x461 6x48 6x51 6x52 7x31 7x34 7x35 7x38 7x42
Aminergic receptors,7XK9,adrb2_human,GJ6,CHEMBL6913,Agonist,pharmacological_orthosteric_ligand,X-RAY DIFFRACTION,3.2,2.7,1.7,10.9,1.0,27,18,3 5 6 7 45,3x28 3x29 3x32 3x33 3x36 3x37 45x52 5x39 5x43 5x44 5x461 6x48 6x51 6x52 6x55 7x34 7x38 7x42
Aminergic receptors,7XKA,adrb2_human,G1I,"(5R,6R)-6-(methylamino)-5,6,7,8-tetrahydronaphthalene-1,2,5-triol",Agonist,pharmacological_orthosteric_ligand,X-RAY DIFFRACTION,3.0,2.3,1.8,10.9,1.0,27,16,3 5 6 7 45,3x32 3x33 3x36 3x37 45x52 5x39 5x43 5x44 5x461 6x48 6x51 6x52 6x55 7x34 7x38 7x42
Aminergic receptors,7XT8,5ht4r_human,SRO,5-hydroxytryptamine,Agonist,pharmacological_orthosteric_ligand,ELECTRON MICROSCOPY,3.3,1.3,3.0,11.3,1.0,27,17,3 4 5 6 7 45,3x32 3x33 3x36 3x37 45x52 4x56 5x39 5x40 5x43 5x44 5x461 6x48 6x51 6x52 6x55 7x38 7x42
Aminergic receptors,7XT9,5ht4r_human,SRO,5-hydroxytryptamine,Agonist,pharmacological_orthosteric_ligand,ELECTRON MICROSCOPY,3.4,1.5,3.0,11.2,1.0,27,17,3 4 5 6 7 45,3x32 3x33 3x36 3x37 45x52 4x56 5x39 5x40 5x43 5x44 5x461 6x48 6x51 6x52 6x55 7x38 7x42
Aminergic receptors,7XTA,5ht4r_human,SRO,5-hydroxytryptamine,Agonist,pharmacological_orthosteric_ligand,ELECTRON MICROSCOPY,3.2,1.4,2.9,11.1,1.0,27,16,3 5 6 7 45,3x32 3x33 3x36 3x37 45x52 5x39 5x40 5x43 5x44 5x461 6x48 6x51 6x52 6x55 7x38 7x42
Aminergic receptors,7XTB,5ht6r_human,SRO,5-hydroxytryptamine,Agonist,pharmacological_orthosteric_ligand,ELECTRON MICROSCOPY,3.7,1.4,3.5,11.5,1.0,27,16,3 5 6 7 45,3x32 3x33 3x36 3x37 45x52 5x39 5x40 5x43 5x44 5x461 6x48 6x51 6x52 6x55 7x38 7x42
Aminergic receptors,7XTC,5ht7r_human,8K3,5-CT,Agonist,pharmacological_orthosteric_ligand,ELECTRON MICROSCOPY,3.9,1.9,3.4,11.2,1.0,27,16,3 4 5 6 7 45,3x32 3x33 3x36 3x37 45x52 4x56 5x40 5x43 5x44 5x461 6x48 6x51 6x52 6x55 7x38 7x42
Aminergic receptors,7YFC,hrh4_human,HSM,histamine,Agonist,pharmacological_orthosteric_ligand,ELECTRON MICROSCOPY,1.6,0.7,1.4,11.7,0.9,27,10,3 4 5 6 7,3x32 3x33 3x36 4x57 5x461 6x48 6x51 7x38 7x41 7x42
Aminergic receptors,7YFD,hrh4_human,ITF,imetit,Agonist,pharmacological_orthosteric_ligand,ELECTRON MICROSCOPY,1.8,0.2,1.8,11.7,0.77,27,13,3 4 5 6 7,3x32 3x33 3x36 3x37 4x57 5x461 6x48 6x51 7x37 7x38 7x39 7x41 7x42
Aminergic receptors,7YM8,ada1a_human,J5C,oxymetazoline,Agonist,pharmacological_orthosteric_ligand,ELECTRON MICROSCOPY,2.5,1.9,1.6,11.6,0.94,27,18,3 5 6 7 45,3x32 3x33 3x36 3x37 45x52 5x39 5x40 5x43 5x44 5x461 6x48 6x51 6x52 6x55 7x37 7x38 7x41 7x42
Aminergic receptors,7YMH,ada1a_human,E5E,Noradrenaline,Agonist,pharmacological_orthosteric_ligand,ELECTRON MICROSCOPY,2.5,1.9,1.6,11.6,1.0,27,13,3 5 6 7 45,3x32 3x33 3x36 45x52 5x39 5x40 5x43 6x48 6x51 6x52 6x55 7x38 7x42
Aminergic receptors,7YMJ,ada1a_human,JGX,tamsulosin,Antagonist,pharmacological_orthosteric_ligand,ELECTRON MICROSCOPY,5.4,4.2,3.4,11.8,0.95,27,22,2 3 5 6 7 45,2x60 2x63 2x64 3x28 3x32 3x33 3x36 3x37 45x50 45x51 45x52 5x39 5x43 5x461 6x48 6x51 6x52 6x55 7x34 7x35 7x38 7x42
Aminergic receptors,7YS6,5ht6r_human,SRO,5-hydroxytryptamine,Agonist,pharmacological_orthosteric_ligand,ELECTRON MICROSCOPY,3.6,1.6,3.3,11.1,1.0,27,15,3 5 6 7 45,3x32 3x33 3x36 3x37 45x52 5x39 5x40 5x43 5x44 5x461 6x51 6x52 6x55 7x38 7x42
Aminergic receptors,8DCR,adrb1_melga,Y00,Dobutamine,Agonist (partial),pharmacological_orthosteric_ligand,ELECTRON MICROSCOPY,4.6,4.1,2.3,10.7,0.9,27,20,2 3 5 6 7 45,2x60 2x63 2x64 3x28 3x29 3x32 3x33 3x36 3x37 45x52 5x43 5x44 5x461 6x51 6x52 6x55 7x35 7x38 7x39 7x42
Aminergic receptors,8DCS,adrb1_melga,P32,Cyanopindolol,Antagonist,pharmacological_orthosteric_ligand,ELECTRON MICROSCOPY,3.5,2.9,2.1,11.0,1.0,27,18,3 5 6 7 45,3x28 3x29 3x32 3x33 3x36 3x37 45x52 5x39 5x40 5x43 5x44 5x461 6x48 6x51 6x52 6x55 7x38 7x42
Aminergic receptors,8DPF,5ht2c_human,T4U,lorcaserin,Agonist,pharmacological_orthosteric_ligand,ELECTRON MICROSCOPY,2.7,1.7,2.2,10.9,1.0,27,12,3 5 6 7,3x32 3x33 3x36 3x37 5x39 5x43 5x44 5x461 6x51 6x52 7x38 7x42
Aminergic receptors,8DPG,5ht2c_human,91Q,psilocin,Agonist,pharmacological_orthosteric_ligand,ELECTRON MICROSCOPY,3.3,1.3,3.1,10.9,1.0,27,15,3 5 6 7,3x32 3x33 3x36 3x37 5x39 5x40 5x43 5x44 5x461 6x48 6x51 6x52 6x55 7x38 7x42
Aminergic receptors,8DPH,5ht2c_human,T4U,lorcaserin,Agonist,pharmacological_orthosteric_ligand,ELECTRON MICROSCOPY,2.2,1.2,1.9,11.0,1.0,27,11,3 5 6 7,3x32 3x33 3x36 5x44 5x461 6x48 6x51 6x52 6x55 7x38 7x42
Aminergic receptors,8DPI,5ht2c_human,T4U,lorcaserin,Agonist,pharmacological_orthosteric_ligand,ELECTRON MICROSCOPY,2.6,1.3,2.3,10.9,1.0,27,13,3 5 6 7,3x29 3x32 3x33 3x36 3x37 5x39 5x43 5x44 5x461 6x51 6x52 7x38 7x42
Aminergic receptors,8E9W,acm3_human,WEC,CHEMBL73538,Agonist,pharmacological_orthosteric_ligand,ELECTRON MICROSCOPY,2.4,0.6,2.3,11.7,0.89,27,19,3 4 5 6 7 45,3x32 3x33 3x36 3x37 3x40 45x52 4x57 5x40 5x43 5x44 5x461 5x47 6x48 6x51 6x52 6x55 7x38 7x41 7x42
Aminergic receptors,8E9X,acm4_human,WEC,CHEMBL73538,Agonist,pharmacological_orthosteric_ligand,ELECTRON MICROSCOPY,2.5,0.7,2.4,11.5,0.89,27,18,3 4 5 6 7 45,3x32 3x33 3x36 3x37 45x52 4x57 5x40 5x43 5x44 5x461 5x47 6x48 6x51 6x52 6x55 7x38 7x41 7x42
Aminergic receptors,8E9Y,acm3_human,WE9,Clozapine N-oxide,Agonist,pharmacological_orthosteric_ligand,ELECTRON MICROSCOPY,2.3,0.7,2.1,11.7,0.89,27,19,3 4 5 6 7 45,3x32 3x33 3x36 3x37 3x40 45x52 4x57 5x40 5x43 5x44 5x461 5x47 6x48 6x51 6x52 6x55 7x38 7x41 7x42
Aminergic receptors,8E9Z,acm3_human,IXO,iperoxo,Agonist,pharmacological_orthosteric_ligand,ELECTRON MICROSCOPY,1.9,-1.4,1.4,11.7,0.86,27,14,3 4 5 6 7,3x32 3x33 3x36 3x37 3x40 4x57 5x461 5x47 6x48 6x51 6x52 7x38 7x41 7x42
Aminergic receptors,8EA0,acm3_human,IXO,iperoxo,Agonist,pharmacological_orthosteric_ligand,ELECTRON MICROSCOPY,1.8,-1.3,1.3,11.5,0.86,27,14,3 4 5 6 7,3x32 3x33 3x36 3x37 3x40 4x57 5x461 5x47 6x48 6x51 6x52 7x38 7x41 7x42
Aminergic receptors,8FX5,acm4_human,XNO,xanomeline,Agonist,pharmacological_orthosteric_ligand,ELECTRON MICROSCOPY,2.0,0.5,1.9,11.7,0.81,27,27,2 3 4 5 6 7 45,2x60 2x63 2x64 3x32 3x33 3x36 3x37 45x50 45x51 45x52 4x57 5x40 5x43 5x44 5x461 5x47 6x48 6x51 6x52 6x55 7x31 7x32 7x34 7x35 7x38 7x41 7x42
Aminergic receptors,8FY8,5ht1a_human,YFW,5-MeO-DMT,Agonist,pharmacological_orthosteric_ligand,ELECTRON MICROSCOPY,2.1,1.4,1.6,10.9,1.0,27,18,3 4 5 6 7 45,3x32 3x33 3x36 3x37 45x52 4x56 5x39 5x40 5x43 5x44 5x461 6x48 6x51 6x52 6x55 7x38 7x41 7x42
Aminergic receptors,8FYE,5ht1a_human,YGH,CHEMBL352186,Agonist,pharmacological_orthosteric_ligand,ELECTRON MICROSCOPY,2.0,1.4,1.5,11.1,1.0,27,18,3 4 5 6 7 45,3x32 3x33 3x36 3x37 45x52 4x56 5x39 5x40 5x43 5x44 5x461 6x48 6x51 6x52 6x55 7x38 7x41 7x42
Aminergic receptors,8FYL,5ht1a_human,YG7,vilazodone,Agonist,pharmacological_orthosteric_ligand,ELECTRON MICROSCOPY,5.2,4.2,3.1,11.3,0.82,27,22,2 3 4 5 6 7 23 45,23x49 2x60 2x63 2x64 2x67 3x28 3x32 3x33 3x36 3x37 45x52 4x56 5x43 5x44 5x461 6x48 6x51 6x52 6x55 7x38 7x39 7x42
Aminergic receptors,8FYT,5ht1a_human,7LD,Lysergide,Agonist,pharmacological_orthosteric_ligand,ELECTRON MICROSCOPY,3.1,2.8,1.4,11.0,1.0,27,20,2 3 4 5 6 7 45,2x63 3x28 3x29 3x32 3x33 3x36 3x37 3x40 45x50 45x52 4x56 5x39 5x43 5x44 5x461 6x48 6x51 6x52 7x38 7x42
Aminergic receptors,8FYX,5ht1a_human,YLX,buspirone,Agonist,pharmacological_orthosteric_ligand,ELECTRON MICROSCOPY,5.4,4.1,3.5,11.0,0.83,27,23,2 3 4 5 6 7 23 45,23x50 2x56 2x59 2x60 2x63 3x25 3x28 3x29 3x32 3x33 3x36 3x37 45x50 45x51 45x52 4x56 5x43 5x461 6x48 6x51 6x52 7x38 7x42
Aminergic receptors,8GDZ,adrb2_human,G1I,"(5R,6R)-6-(methylamino)-5,6,7,8-tetrahydronaphthalene-1,2,5-triol",Agonist,pharmacological_orthosteric_ligand,ELECTRON MICROSCOPY,3.3,2.4,2.2,11.0,1.0,27,18,3 5 6 7 45,3x28 3x29 3x32 3x33 3x36 3x37 45x52 5x39 5x40 5x43 5x44 5x461 6x51 6x52 6x55 7x34 7x38 7x42
Aminergic receptors,8GE1,adrb2_human,G1I,"(5R,6R)-6-(methylamino)-5,6,7,8-tetrahydronaphthalene-1,2,5-triol",Agonist,pharmacological_orthosteric_ligand,ELECTRON MICROSCOPY,3.2,2.5,2.1,11.0,1.0,27,17,3 5 6 7 45,3x28 3x29 3x32 3x33 3x36 3x37 45x52 5x39 5x43 5x44 5x461 6x51 6x52 6x55 7x34 7x38 7x42
Aminergic receptors,8GE2,adrb2_human,G1I,"(5R,6R)-6-(methylamino)-5,6,7,8-tetrahydronaphthalene-1,2,5-triol",Agonist,pharmacological_orthosteric_ligand,ELECTRON MICROSCOPY,3.2,2.5,2.0,11.1,1.0,27,16,3 5 6 7 45,3x29 3x32 3x33 3x36 3x37 45x52 5x39 5x43 5x44 5x461 6x51 6x52 6x55 7x34 7x38 7x42
Aminergic receptors,8GE3,adrb2_human,G1I,"(5R,6R)-6-(methylamino)-5,6,7,8-tetrahydronaphthalene-1,2,5-triol",Agonist,pharmacological_orthosteric_ligand,ELECTRON MICROSCOPY,3.3,2.6,2.1,11.2,1.0,27,17,3 5 6 7 45,3x29 3x32 3x33 3x36 3x37 45x52 5x39 5x40 5x43 5x44 5x461 6x51 6x52 6x55 7x34 7x38 7x42
Aminergic receptors,8GE4,adrb2_human,G1I,"(5R,6R)-6-(methylamino)-5,6,7,8-tetrahydronaphthalene-1,2,5-triol",Agonist,pharmacological_orthosteric_ligand,ELECTRON MICROSCOPY,3.2,2.6,2.0,11.1,1.0,27,17,3 5 6 7 45,3x29 3x32 3x33 3x36 3x37 45x52 5x39 5x43 5x44 5x461 6x48 6x51 6x52 6x55 7x34 7x38 7x42
Aminergic receptors,8GE5,adrb2_human,G1I,"(5R,6R)-6-(methylamino)-5,6,7,8-tetrahydronaphthalene-1,2,5-triol",Agonist,pharmacological_orthosteric_ligand,ELECTRON MICROSCOPY,3.2,2.4,2.1,11.0,1.0,27,16,3 5 6 7 45,3x28 3x29 3x32 3x33 3x36 45x52 5x39 5x43 5x44 5x461 6x51 6x52 6x55 7x34 7x38 7x42
Aminergic receptors,8GE6,adrb2_human,G1I,"(5R,6R)-6-(methylamino)-5,6,7,8-tetrahydronaphthalene-1,2,5-triol",Agonist,pharmacological_orthosteric_ligand,ELECTRON MICROSCOPY,3.2,2.4,2.2,10.9,1.0,27,16,3 5 6 7 45,3x28 3x29 3x32 3x33 3x36 45x52 5x39 5x43 5x44 5x461 6x51 6x52 6x55 7x34 7x38 7x42
Aminergic receptors,8GE7,adrb2_human,G1I,"(5R,6R)-6-(methylamino)-5,6,7,8-tetrahydronaphthalene-1,2,5-triol",Agonist,pharmacological_orthosteric_ligand,ELECTRON MICROSCOPY,3.0,2.1,2.2,11.0,1.0,27,16,3 5 6 7 45,3x29 3x32 3x33 3x36 45x52 5x39 5x43 5x44 5x461 6x48 6x51 6x52 6x55 7x34 7x38 7x42
Aminergic receptors,8GE8,adrb2_human,G1I,"(5R,6R)-6-(methylamino)-5,6,7,8-tetrahydronaphthalene-1,2,5-triol",Agonist,pharmacological_orthosteric_ligand,ELECTRON MICROSCOPY,3.2,2.4,2.2,11.0,1.0,27,16,3 5 6 7 45,3x29 3x32 3x33 3x36 3x37 45x52 5x39 5x43 5x44 5x461 6x51 6x52 6x55 7x34 7x38 7x42
Aminergic receptors,8GE9,adrb2_human,G1I,"(5R,6R)-6-(methylamino)-5,6,7,8-tetrahydronaphthalene-1,2,5-triol",Agonist,pharmacological_orthosteric_ligand,ELECTRON MICROSCOPY,3.2,2.5,2.1,10.9,1.0,27,18,3 5 6 7 45,3x28 3x29 3x32 3x33 3x36 3x37 45x52 5x39 5x43 5x44 5x461 6x48 6x51 6x52 6x55 7x34 7x38 7x42
Aminergic receptors,8GEA,adrb2_human,G1I,"(5R,6R)-6-(methylamino)-5,6,7,8-tetrahydronaphthalene-1,2,5-triol",Agonist,pharmacological_orthosteric_ligand,ELECTRON MICROSCOPY,3.1,2.5,1.9,11.0,1.0,27,17,3 5 6 7 45,3x29 3x32 3x33 3x36 3x37 45x52 5x39 5x43 5x44 5x461 6x48 6x51 6x52 6x55 7x34 7x38 7x42
Aminergic receptors,8GEB,adrb2_human,G1I,"(5R,6R)-6-(methylamino)-5,6,7,8-tetrahydronaphthalene-1,2,5-triol",Agonist,pharmacological_orthosteric_ligand,ELECTRON MICROSCOPY,3.1,2.4,2.0,11.1,1.0,27,16,3 5 6 7 45,3x28 3x32 3x33 3x36 3x37 45x52 5x39 5x43 5x44 5x461 6x51 6x52 6x55 7x34 7x38 7x42
Aminergic receptors,8GEC,adrb2_human,G1I,"(5R,6R)-6-(methylamino)-5,6,7,8-tetrahydronaphthalene-1,2,5-triol",Agonist,pharmacological_orthosteric_ligand,ELECTRON MICROSCOPY,3.1,2.5,1.9,11.1,1.0,27,17,3 5 6 7 45,3x28 3x32 3x33 3x36 3x37 45x52 5x39 5x43 5x44 5x461 6x48 6x51 6x52 6x55 7x34 7x38 7x42
Aminergic receptors,8GED,adrb2_human,G1I,"(5R,6R)-6-(methylamino)-5,6,7,8-tetrahydronaphthalene-1,2,5-triol",Agonist,pharmacological_orthosteric_ligand,ELECTRON MICROSCOPY,3.0,2.3,1.9,10.8,1.0,27,15,3 5 6 7 45,3x32 3x33 3x36 3x37 45x52 5x40 5x43 5x44 5x461 6x51 6x52 6x55 7x34 7x38 7x42
Aminergic receptors,8GEE,adrb2_human,G1I,"(5R,6R)-6-(methylamino)-5,6,7,8-tetrahydronaphthalene-1,2,5-triol",Agonist,pharmacological_orthosteric_ligand,ELECTRON MICROSCOPY,3.3,2.5,2.1,10.9,1.0,27,16,3 5 6 7 45,3x29 3x32 3x33 3x36 3x37 45x52 5x39 5x43 5x44 5x461 6x51 6x52 6x55 7x34 7x38 7x42
Aminergic receptors,8GEF,adrb2_human,G1I,"(5R,6R)-6-(methylamino)-5,6,7,8-tetrahydronaphthalene-1,2,5-triol",Agonist,pharmacological_orthosteric_ligand,ELECTRON MICROSCOPY,3.3,2.6,2.0,11.1,1.0,27,17,3 5 6 7 45,3x28 3x29 3x32 3x33 3x36 3x37 45x52 5x39 5x43 5x44 5x461 6x51 6x52 6x55 7x34 7x38 7x42
Aminergic receptors,8GEG,adrb2_human,G1I,"(5R,6R)-6-(methylamino)-5,6,7,8-tetrahydronaphthalene-1,2,5-triol",Agonist,pharmacological_orthosteric_ligand,ELECTRON MICROSCOPY,3.3,2.6,1.9,11.0,1.0,27,16,3 5 6 7 45,3x32 3x33 3x36 3x37 45x52 5x39 5x43 5x44 5x461 6x48 6x51 6x52 6x55 7x34 7x38 7x42
Aminergic receptors,8GEH,adrb2_human,G1I,"(5R,6R)-6-(methylamino)-5,6,7,8-tetrahydronaphthalene-1,2,5-triol",Agonist,pharmacological_orthosteric_ligand,ELECTRON MICROSCOPY,3.3,2.8,1.7,11.2,1.0,27,13,3 5 6 7 45,3x28 3x32 3x33 3x36 45x52 5x39 5x43 5x44 5x461 6x51 6x52 7x34 7x42
Aminergic receptors,8GEI,adrb2_human,G1I,"(5R,6R)-6-(methylamino)-5,6,7,8-tetrahydronaphthalene-1,2,5-triol",Agonist,pharmacological_orthosteric_ligand,ELECTRON MICROSCOPY,3.2,2.6,1.8,11.2,1.0,27,13,3 5 6 7 45,3x32 3x36 45x52 5x39 5x43 5x44 5x461 6x51 6x52 6x55 7x34 7x38 7x42
Aminergic receptors,8GEJ,adrb2_human,G1I,"(5R,6R)-6-(methylamino)-5,6,7,8-tetrahydronaphthalene-1,2,5-triol",Agonist,pharmacological_orthosteric_ligand,ELECTRON MICROSCOPY,3.1,2.7,1.5,11.2,1.0,27,13,3 5 6 7 45,3x28 3x32 3x33 3x36 45x52 5x39 5x43 5x44 5x461 6x52 6x55 7x34 7x38
Aminergic receptors,8GFV,adrb2_human,G1I,"(5R,6R)-6-(methylamino)-5,6,7,8-tetrahydronaphthalene-1,2,5-triol",Agonist,pharmacological_orthosteric_ligand,ELECTRON MICROSCOPY,3.3,2.5,2.1,11.1,1.0,27,14,3 5 6 7 45,3x32 3x33 3x36 45x52 5x39 5x43 5x44 5x461 6x51 6x52 6x55 7x34 7x38 7x42
Aminergic receptors,8GFW,adrb2_human,G1I,"(5R,6R)-6-(methylamino)-5,6,7,8-tetrahydronaphthalene-1,2,5-triol",Agonist,pharmacological_orthosteric_ligand,ELECTRON MICROSCOPY,3.2,2.3,2.1,11.1,1.0,27,15,3 5 6 7 45,3x32 3x33 3x36 3x37 45x52 5x39 5x43 5x44 5x461 6x51 6x52 6x55 7x34 7x38 7x42
Aminergic receptors,8GFX,adrb2_human,G1I,"(5R,6R)-6-(methylamino)-5,6,7,8-tetrahydronaphthalene-1,2,5-triol",Agonist,pharmacological_orthosteric_ligand,ELECTRON MICROSCOPY,3.2,2.4,2.2,11.1,1.0,27,15,3 5 6 7 45,3x32 3x33 3x36 3x37 45x52 5x39 5x43 5x44 5x461 6x51 6x52 6x55 7x34 7x38 7x42
Aminergic receptors,8GFY,adrb2_human,G1I,"(5R,6R)-6-(methylamino)-5,6,7,8-tetrahydronaphthalene-1,2,5-triol",Agonist,pharmacological_orthosteric_ligand,ELECTRON MICROSCOPY,3.2,2.3,2.2,11.1,1.0,27,15,3 5 6 7 45,3x32 3x33 3x36 3x37 45x52 5x39 5x43 5x44 5x461 6x51 6x52 6x55 7x34 7x38 7x42
Aminergic receptors,8GFZ,adrb2_human,G1I,"(5R,6R)-6-(methylamino)-5,6,7,8-tetrahydronaphthalene-1,2,5-triol",Agonist,pharmacological_orthosteric_ligand,ELECTRON MICROSCOPY,3.3,2.3,2.3,11.0,1.0,27,15,3 5 6 7 45,3x32 3x33 3x36 3x37 45x52 5x39 5x43 5x44 5x461 6x51 6x52 6x55 7x34 7x38 7x42
Aminergic receptors,8GG0,adrb2_human,G1I,"(5R,6R)-6-(methylamino)-5,6,7,8-tetrahydronaphthalene-1,2,5-triol",Agonist,pharmacological_orthosteric_ligand,ELECTRON MICROSCOPY,3.3,2.3,2.3,11.1,1.0,27,16,3 5 6 7 45,3x29 3x32 3x33 3x36 3x37 45x52 5x39 5x43 5x44 5x461 6x51 6x52 6x55 7x34 7x38 7x42
Aminergic receptors,8GG1,adrb2_human,G1I,"(5R,6R)-6-(methylamino)-5,6,7,8-tetrahydronaphthalene-1,2,5-triol",Agonist,pharmacological_orthosteric_ligand,ELECTRON MICROSCOPY,3.3,2.4,2.3,11.2,1.0,27,16,3 5 6 7 45,3x29 3x32 3x33 3x36 3x37 45x52 5x39 5x43 5x44 5x461 6x51 6x52 6x55 7x34 7x38 7x42
Aminergic receptors,8GG2,adrb2_human,G1I,"(5R,6R)-6-(methylamino)-5,6,7,8-tetrahydronaphthalene-1,2,5-triol",Agonist,pharmacological_orthosteric_ligand,ELECTRON MICROSCOPY,3.3,2.4,2.2,11.2,1.0,27,15,3 5 6 7 45,3x32 3x33 3x36 3x37 45x52 5x39 5x43 5x44 5x461 6x51 6x52 6x55 7x34 7x38 7x42
Aminergic receptors,8GG3,adrb2_human,G1I,"(5R,6R)-6-(methylamino)-5,6,7,8-tetrahydronaphthalene-1,2,5-triol",Agonist,pharmacological_orthosteric_ligand,ELECTRON MICROSCOPY,3.2,2.3,2.2,11.3,1.0,27,15,3 5 6 7 45,3x32 3x33 3x36 3x37 45x52 5x39 5x43 5x44 5x461 6x51 6x52 6x55 7x34 7x38 7x42
Aminergic receptors,8GG4,adrb2_human,G1I,"(5R,6R)-6-(methylamino)-5,6,7,8-tetrahydronaphthalene-1,2,5-triol",Agonist,pharmacological_orthosteric_ligand,ELECTRON MICROSCOPY,3.2,2.3,2.2,11.2,1.0,27,15,3 5 6 7 45,3x32 3x33 3x36 3x37 45x52 5x39 5x43 5x44 5x461 6x51 6x52 6x55 7x34 7x38 7x42
Aminergic receptors,8GG5,adrb2_human,G1I,"(5R,6R)-6-(methylamino)-5,6,7,8-tetrahydronaphthalene-1,2,5-triol",Agonist,pharmacological_orthosteric_ligand,ELECTRON MICROSCOPY,3.2,2.4,2.1,11.2,1.0,27,15,3 5 6 7 45,3x32 3x33 3x36 3x37 45x52 5x39 5x43 5x44 5x461 6x51 6x52 6x55 7x34 7x38 7x42
Aminergic receptors,8GG6,adrb2_human,G1I,"(5R,6R)-6-(methylamino)-5,6,7,8-tetrahydronaphthalene-1,2,5-triol",Agonist,pharmacological_orthosteric_ligand,ELECTRON MICROSCOPY,3.1,2.3,2.0,11.3,1.0,27,14,3 5 6 7 45,3x32 3x33 3x36 3x37 45x52 5x43 5x44 5x461 6x51 6x52 6x55 7x34 7x38 7x42
Aminergic receptors,8GG7,adrb2_human,G1I,"(5R,6R)-6-(methylamino)-5,6,7,8-tetrahydronaphthalene-1,2,5-triol",Agonist,pharmacological_orthosteric_ligand,ELECTRON MICROSCOPY,3.3,2.5,2.2,11.3,1.0,27,15,3 5 6 7 45,3x29 3x32 3x33 3x36 3x37 45x52 5x43 5x44 5x461 6x51 6x52 6x55 7x34 7x38 7x42
Aminergic receptors,8GG8,adrb2_human,G1I,"(5R,6R)-6-(methylamino)-5,6,7,8-tetrahydronaphthalene-1,2,5-triol",Agonist,pharmacological_orthosteric_ligand,ELECTRON MICROSCOPY,3.3,2.6,2.1,11.5,1.0,27,15,3 5 6 7 45,3x29 3x32 3x33 3x36 3x37 45x52 5x43 5x44 5x461 6x51 6x52 6x55 7x34 7x38 7x42
Aminergic receptors,8GG9,adrb2_human,G1I,"(5R,6R)-6-(methylamino)-5,6,7,8-tetrahydronaphthalene-1,2,5-triol",Agonist,pharmacological_orthosteric_ligand,ELECTRON MICROSCOPY,3.3,2.5,2.1,11.4,1.0,27,14,3 5 6 7 45,3x32 3x33 3x36 3x37 45x52 5x43 5x44 5x461 6x51 6x52 6x55 7x34 7x38 7x42
Aminergic receptors,8GGA,adrb2_human,G1I,"(5R,6R)-6-(methylamino)-5,6,7,8-tetrahydronaphthalene-1,2,5-triol",Agonist,pharmacological_orthosteric_ligand,ELECTRON MICROSCOPY,3.4,2.6,2.1,11.4,1.0,27,15,3 5 6 7 45,3x28 3x32 3x33 3x36 3x37 45x52 5x43 5x44 5x461 6x51 6x52 6x55 7x34 7x38 7x42
Aminergic receptors,8GGB,adrb2_human,G1I,"(5R,6R)-6-(methylamino)-5,6,7,8-tetrahydronaphthalene-1,2,5-triol",Agonist,pharmacological_orthosteric_ligand,ELECTRON MICROSCOPY,3.4,2.6,2.2,11.3,1.0,27,14,3 5 6 7 45,3x32 3x33 3x36 45x52 5x39 5x43 5x44 5x461 6x51 6x52 6x55 7x34 7x38 7x42
Aminergic receptors,8GGC,adrb2_human,G1I,"(5R,6R)-6-(methylamino)-5,6,7,8-tetrahydronaphthalene-1,2,5-triol",Agonist,pharmacological_orthosteric_ligand,ELECTRON MICROSCOPY,3.2,2.4,2.2,11.4,1.0,27,14,3 5 6 7 45,3x32 3x33 3x36 3x37 45x52 5x43 5x44 5x461 6x51 6x52 6x55 7x34 7x38 7x42
Aminergic receptors,8GGE,adrb2_human,G1I,"(5R,6R)-6-(methylamino)-5,6,7,8-tetrahydronaphthalene-1,2,5-triol",Agonist,pharmacological_orthosteric_ligand,ELECTRON MICROSCOPY,3.2,2.3,2.3,11.5,1.0,27,11,3 5 7 45,3x29 3x32 3x33 3x36 3x37 45x52 5x43 5x44 5x461 7x34 7x38
Aminergic receptors,8GGF,adrb2_human,G1I,"(5R,6R)-6-(methylamino)-5,6,7,8-tetrahydronaphthalene-1,2,5-triol",Agonist,pharmacological_orthosteric_ligand,ELECTRON MICROSCOPY,3.1,2.0,2.3,10.8,1.0,27,13,3 5 6 7 45,3x29 3x32 3x33 3x36 45x52 5x40 5x43 5x44 5x461 6x51 6x55 7x34 7x38
Aminergic receptors,8GGI,adrb2_human,G1I,"(5R,6R)-6-(methylamino)-5,6,7,8-tetrahydronaphthalene-1,2,5-triol",Agonist,pharmacological_orthosteric_ligand,ELECTRON MICROSCOPY,3.2,2.5,2.1,11.2,1.0,27,15,3 5 6 7 45,3x29 3x32 3x33 3x36 45x52 5x39 5x43 5x44 5x461 6x51 6x52 6x55 7x34 7x38 7x42
Aminergic receptors,8GGJ,adrb2_human,G1I,"(5R,6R)-6-(methylamino)-5,6,7,8-tetrahydronaphthalene-1,2,5-triol",Agonist,pharmacological_orthosteric_ligand,ELECTRON MICROSCOPY,3.3,2.5,2.1,11.3,1.0,27,15,3 5 6 7 45,3x29 3x32 3x33 3x36 45x52 5x39 5x43 5x44 5x461 6x51 6x52 6x55 7x34 7x38 7x42
Aminergic receptors,8GGK,adrb2_human,G1I,"(5R,6R)-6-(methylamino)-5,6,7,8-tetrahydronaphthalene-1,2,5-triol",Agonist,pharmacological_orthosteric_ligand,ELECTRON MICROSCOPY,3.2,2.4,2.2,11.2,1.0,27,15,3 5 6 7 45,3x29 3x32 3x33 3x36 45x52 5x39 5x43 5x44 5x461 6x51 6x52 6x55 7x34 7x38 7x42
Aminergic receptors,8GGL,adrb2_human,G1I,"(5R,6R)-6-(methylamino)-5,6,7,8-tetrahydronaphthalene-1,2,5-triol",Agonist,pharmacological_orthosteric_ligand,ELECTRON MICROSCOPY,3.2,2.4,2.2,11.2,1.0,27,15,3 5 6 7 45,3x29 3x32 3x33 3x36 45x52 5x39 5x43 5x44 5x461 6x51 6x52 6x55 7x34 7x38 7x42
Aminergic receptors,8GGM,adrb2_human,G1I,"(5R,6R)-6-(methylamino)-5,6,7,8-tetrahydronaphthalene-1,2,5-triol",Agonist,pharmacological_orthosteric_ligand,ELECTRON MICROSCOPY,3.2,2.4,2.2,11.2,1.0,27,15,3 5 6 7 45,3x29 3x32 3x33 3x36 45x52 5x39 5x43 5x44 5x461 6x51 6x52 6x55 7x34 7x38 7x42
Aminergic receptors,8GGN,adrb2_human,G1I,"(5R,6R)-6-(methylamino)-5,6,7,8-tetrahydronaphthalene-1,2,5-triol",Agonist,pharmacological_orthosteric_ligand,ELECTRON MICROSCOPY,3.3,2.3,2.3,11.2,1.0,27,15,3 5 6 7 45,3x29 3x32 3x33 3x36 45x52 5x39 5x43 5x44 5x461 6x51 6x52 6x55 7x34 7x38 7x42
Aminergic receptors,8GGO,adrb2_human,G1I,"(5R,6R)-6-(methylamino)-5,6,7,8-tetrahydronaphthalene-1,2,5-triol",Agonist,pharmacological_orthosteric_ligand,ELECTRON MICROSCOPY,3.3,2.4,2.3,11.2,1.0,27,15,3 5 6 7 45,3x29 3x32 3x33 3x36 45x52 5x39 5x43 5x44 5x461 6x51 6x52 6x55 7x34 7x38 7x42
Aminergic receptors,8GGP,adrb2_human,G1I,"(5R,6R)-6-(methylamino)-5,6,7,8-tetrahydronaphthalene-1,2,5-triol",Agonist,pharmacological_orthosteric_ligand,ELECTRON MICROSCOPY,3.3,2.3,2.3,11.3,1.0,27,15,3 5 6 7 45,3x29 3x32 3x33 3x36 45x52 5x39 5x43 5x44 5x461 6x51 6x52 6x55 7x34 7x38 7x42
Aminergic receptors,8GGQ,adrb2_human,G1I,"(5R,6R)-6-(methylamino)-5,6,7,8-tetrahydronaphthalene-1,2,5-triol",Agonist,pharmacological_orthosteric_ligand,ELECTRON MICROSCOPY,3.3,2.4,2.3,11.3,1.0,27,16,3 5 6 7 45,3x29 3x32 3x33 3x36 3x37 45x52 5x39 5x43 5x44 5x461 6x51 6x52 6x55 7x34 7x38 7x42
Aminergic receptors,8GGR,adrb2_human,G1I,"(5R,6R)-6-(methylamino)-5,6,7,8-tetrahydronaphthalene-1,2,5-triol",Agonist,pharmacological_orthosteric_ligand,ELECTRON MICROSCOPY,3.3,2.5,2.2,11.4,1.0,27,14,3 5 6 7 45,3x32 3x33 3x36 45x52 5x39 5x43 5x44 5x461 6x51 6x52 6x55 7x34 7x38 7x42
Aminergic receptors,8GGS,adrb2_human,G1I,"(5R,6R)-6-(methylamino)-5,6,7,8-tetrahydronaphthalene-1,2,5-triol",Agonist,pharmacological_orthosteric_ligand,ELECTRON MICROSCOPY,3.4,2.5,2.3,11.3,1.0,27,14,3 5 6 7 45,3x32 3x33 3x36 45x52 5x39 5x43 5x44 5x461 6x51 6x52 6x55 7x34 7x38 7x42
Aminergic receptors,8GGT,adrb2_human,G1I,"(5R,6R)-6-(methylamino)-5,6,7,8-tetrahydronaphthalene-1,2,5-triol",Agonist,pharmacological_orthosteric_ligand,ELECTRON MICROSCOPY,3.3,2.5,2.1,11.3,1.0,27,16,3 5 6 7 45,3x32 3x33 3x36 3x37 45x52 5x39 5x43 5x44 5x461 6x48 6x51 6x52 6x55 7x34 7x38 7x42
Aminergic receptors,8GGU,adrb2_human,G1I,"(5R,6R)-6-(methylamino)-5,6,7,8-tetrahydronaphthalene-1,2,5-triol",Agonist,pharmacological_orthosteric_ligand,ELECTRON MICROSCOPY,3.2,2.5,2.1,11.4,1.0,27,15,3 5 6 7 45,3x28 3x32 3x33 3x36 45x52 5x39 5x43 5x44 5x461 6x51 6x52 6x55 7x34 7x38 7x42
Aminergic receptors,8GGV,adrb2_human,G1I,"(5R,6R)-6-(methylamino)-5,6,7,8-tetrahydronaphthalene-1,2,5-triol",Agonist,pharmacological_orthosteric_ligand,ELECTRON MICROSCOPY,3.3,2.4,2.2,11.4,1.0,27,16,3 5 6 7 45,3x28 3x29 3x32 3x33 3x36 45x52 5x39 5x43 5x44 5x461 6x51 6x52 6x55 7x34 7x38 7x42
Aminergic receptors,8GGW,adrb2_human,G1I,"(5R,6R)-6-(methylamino)-5,6,7,8-tetrahydronaphthalene-1,2,5-triol",Agonist,pharmacological_orthosteric_ligand,ELECTRON MICROSCOPY,3.2,2.3,2.2,11.1,1.0,27,16,3 5 6 7 45,3x29 3x32 3x33 3x36 3x37 45x52 5x39 5x43 5x44 5x461 6x51 6x52 6x55 7x34 7x38 7x42
Aminergic receptors,8GGX,adrb2_human,G1I,"(5R,6R)-6-(methylamino)-5,6,7,8-tetrahydronaphthalene-1,2,5-triol",Agonist,pharmacological_orthosteric_ligand,ELECTRON MICROSCOPY,3.2,2.3,2.2,11.3,1.0,27,15,3 5 6 7 45,3x29 3x32 3x33 3x36 45x52 5x39 5x43 5x44 5x461 6x51 6x52 6x55 7x34 7x38 7x42
Aminergic receptors,8GGY,adrb2_human,G1I,"(5R,6R)-6-(methylamino)-5,6,7,8-tetrahydronaphthalene-1,2,5-triol",Agonist,pharmacological_orthosteric_ligand,ELECTRON MICROSCOPY,3.4,2.5,2.3,11.4,1.0,27,15,3 5 6 7 45,3x29 3x32 3x33 3x36 45x52 5x39 5x43 5x44 5x461 6x51 6x52 6x55 7x34 7x38 7x42
Aminergic receptors,8GGZ,adrb2_human,G1I,"(5R,6R)-6-(methylamino)-5,6,7,8-tetrahydronaphthalene-1,2,5-triol",Agonist,pharmacological_orthosteric_ligand,ELECTRON MICROSCOPY,3.2,2.2,2.3,11.6,1.0,27,14,3 5 6 7 45,3x32 3x33 3x36 3x37 45x52 5x43 5x44 5x461 6x51 6x52 6x55 7x34 7x38 7x42
Aminergic receptors,8GH0,adrb2_human,G1I,"(5R,6R)-6-(methylamino)-5,6,7,8-tetrahydronaphthalene-1,2,5-triol",Agonist,pharmacological_orthosteric_ligand,ELECTRON MICROSCOPY,3.6,2.8,2.2,11.4,1.0,27,14,3 5 6 7 45,3x28 3x32 3x33 3x36 45x52 5x39 5x43 5x44 6x51 6x52 6x55 7x34 7x38 7x42
Aminergic receptors,8GH1,adrb2_human,G1I,"(5R,6R)-6-(methylamino)-5,6,7,8-tetrahydronaphthalene-1,2,5-triol",Agonist,pharmacological_orthosteric_ligand,ELECTRON MICROSCOPY,3.5,2.8,2.1,11.5,1.0,27,14,3 5 6 7 45,3x32 3x33 3x36 45x52 5x39 5x43 5x44 5x461 6x51 6x52 6x55 7x34 7x38 7x42
Aminergic receptors,8HN8,hrh4_human,HSM,histamine,Agonist,pharmacological_orthosteric_ligand,ELECTRON MICROSCOPY,2.8,0.7,2.7,11.7,1.0,27,9,3 5 6 7,3x32 3x33 3x36 5x461 6x48 6x51 7x38 7x41 7x42
Aminergic receptors,8HOC,hrh4_human,ITF,imetit,Agonist,pharmacological_orthosteric_ligand,ELECTRON MICROSCOPY,1.6,0.1,1.6,11.8,0.91,27,11,3 4 5 6 7,3x32 3x33 3x36 3x37 4x57 5x461 6x48 6x51 7x38 7x41 7x42
Aminergic receptors,8IRR,drd1_human,R5F,rotigotine,Agonist,pharmacological_orthosteric_ligand,ELECTRON MICROSCOPY,2.9,2.8,0.6,11.4,0.95,27,22,2 3 5 6 7 45,2x60 3x28 3x32 3x33 3x36 3x37 45x52 5x39 5x40 5x43 5x44 5x461 6x48 6x51 6x52 6x55 7x34 7x35 7x37 7x38 7x41 7x42
Aminergic receptors,8IRS,drd2_human,R5F,rotigotine,Agonist,pharmacological_orthosteric_ligand,ELECTRON MICROSCOPY,3.0,2.8,1.0,10.8,1.0,27,21,2 3 5 6 7 45,2x60 2x63 3x32 3x33 3x36 3x37 3x40 45x51 45x52 5x40 5x43 5x44 5x461 6x48 6x51 6x52 6x55 7x34 7x38 7x41 7x42
Aminergic receptors,8IRT,drd3_human,R5F,rotigotine,Agonist,pharmacological_orthosteric_ligand,ELECTRON MICROSCOPY,3.1,2.7,1.4,10.9,1.0,27,23,2 3 5 6 7 45,2x60 2x63 3x28 3x32 3x33 3x36 3x37 45x50 45x51 45x52 5x39 5x40 5x43 5x44 5x461 6x48 6x51 6x52 6x55 7x34 7x38 7x41 7x42
Aminergic receptors,8IRV,drd5_human,R5F,rotigotine,Agonist,pharmacological_orthosteric_ligand,ELECTRON MICROSCOPY,2.9,2.8,0.8,11.4,1.0,27,21,2 3 5 6 7 45,2x60 3x28 3x32 3x33 3x36 3x37 45x52 5x39 5x40 5x43 5x44 5x461 6x48 6x51 6x52 6x55 7x34 7x35 7x38 7x41 7x42
Aminergic receptors,8JJ8,adrb2_human,H98,ARFORMOTEROL,Agonist (partial),pharmacological_orthosteric_ligand,ELECTRON MICROSCOPY,4.8,4.6,1.4,10.9,0.96,27,23,2 3 5 6 7 45,2x63 3x28 3x29 3x32 3x33 3x36 3x37 45x50 45x51 45x52 5x39 5x40 5x43 5x44 5x461 6x51 6x52 6x55 7x31 7x34 7x35 7x38 7x42
Aminergic receptors,8JJL,adrb2_human,DZQ,olodaterol,Agonist,pharmacological_orthosteric_ligand,ELECTRON MICROSCOPY,4.3,4.0,1.6,11.2,1.0,27,23,2 3 5 6 7 45,2x63 3x28 3x29 3x32 3x33 3x36 3x37 45x50 45x51 45x52 5x39 5x40 5x43 5x44 5x461 6x48 6x51 6x52 6x55 7x34 7x35 7x38 7x42
Aminergic receptors,8JJO,adrb2_human,JTZ,CHEMBL1160734,Antagonist,pharmacological_orthosteric_ligand,ELECTRON MICROSCOPY,2.8,2.1,1.9,11.3,1.0,27,19,3 5 6 7 45,3x28 3x29 3x32 3x33 3x36 3x37 45x52 5x39 5x40 5x43 5x44 5x461 6x48 6x51 6x52 6x55 7x34 7x38 7x42
Aminergic receptors,8JLJ,taar1_mouse,UJF,CHEMBL1182312,Agonist,pharmacological_orthosteric_ligand,ELECTRON MICROSCOPY,2.5,1.0,2.3,11.6,1.0,27,14,3 4 5 6 7 45,3x32 3x33 3x36 3x37 45x52 4x56 5x43 5x461 6x48 6x51 6x52 7x38 7x41 7x42
Aminergic receptors,8JLK,taar1_mouse,UJL,ulotaront,Agonist,pharmacological_orthosteric_ligand,ELECTRON MICROSCOPY,2.5,1.1,2.2,11.3,1.0,27,13,3 4 5 6 7 45,3x32 3x33 3x36 3x37 45x52 4x56 5x43 5x461 6x48 6x51 6x52 7x38 7x42
Aminergic receptors,8JLN,taar1_human,UJF,CHEMBL1182312,Agonist,pharmacological_orthosteric_ligand,ELECTRON MICROSCOPY,2.1,0.7,2.0,11.8,0.93,27,15,2 3 5 6 7 45,2x53 3x29 3x32 3x33 3x36 3x37 45x52 5x43 5x461 6x48 6x51 6x52 7x38 7x41 7x42
Aminergic receptors,8JLO,taar1_human,UJL,ulotaront,Agonist,pharmacological_orthosteric_ligand,ELECTRON MICROSCOPY,2.4,1.1,2.1,11.6,1.0,27,12,3 5 6 7 45,3x32 3x33 3x36 3x37 45x52 5x43 5x461 6x48 6x51 6x52 7x38 7x42
Aminergic receptors,8JLP,taar1_human,UJU,ralmitaront,Agonist,pharmacological_orthosteric_ligand,ELECTRON MICROSCOPY,5.3,-0.1,5.3,11.9,0.76,27,17,3 4 5 6 7 45,3x32 3x33 3x36 3x37 3x41 45x52 4x52 4x53 4x56 5x43 5x46 5x461 6x48 6x51 6x52 7x38 7x42
Aminergic receptors,8JLQ,taar1_human,G3C,fenoldopam,Agonist,pharmacological_orthosteric_ligand,ELECTRON MICROSCOPY,3.5,3.0,1.8,11.2,1.0,27,17,2 3 5 6 7 45,2x63 3x29 3x32 3x33 3x36 3x37 45x50 45x51 45x52 5x43 5x461 6x48 6x51 6x52 6x55 7x38 7x42
Aminergic receptors,8JLR,taar1_human,VRK,"(1~{S},3~{R})-3-(1-adamantyl)-1-(aminomethyl)-3,4-dihydro-1~{H}-isochromene-5,6-diol",Agonist,pharmacological_orthosteric_ligand,ELECTRON MICROSCOPY,3.6,3.2,1.7,11.2,0.94,27,18,2 3 4 5 6 7 45,2x63 3x29 3x32 3x33 3x36 3x37 45x50 45x51 45x52 4x56 4x60 5x43 5x461 6x48 6x51 6x52 7x38 7x42
Aminergic receptors,8JLZ,5ht6r_human,UQL,CHEMBL365751,Agonist,pharmacological_orthosteric_ligand,ELECTRON MICROSCOPY,3.6,1.5,3.3,11.7,1.0,27,17,3 5 6 7 45,3x32 3x33 3x36 3x37 3x40 45x52 5x39 5x40 5x43 5x44 5x461 6x48 6x51 6x52 6x55 7x38 7x42
Aminergic receptors,8JSO,taar1_human,1WE,dexamfetamine,Agonist,pharmacological_orthosteric_ligand,ELECTRON MICROSCOPY,2.3,1.0,2.1,11.8,1.0,27,12,3 5 6 7 45,3x32 3x33 3x36 3x37 45x52 5x43 5x461 6x48 6x51 6x52 7x38 7x42
Aminergic receptors,8JSP,5ht1a_human,UJL,ulotaront,Agonist,pharmacological_orthosteric_ligand,ELECTRON MICROSCOPY,2.4,0.7,2.3,11.5,1.0,27,12,3 4 5 6 7 45,3x32 3x33 3x36 3x37 45x52 4x56 5x43 5x461 6x48 6x51 6x52 7x42
Aminergic receptors,8JT6,5ht1a_human,EZX,"1-(4-fluorophenyl)-4-[(7R)-2,5,11-triazatetracyclo[7.6.1.0^2,7.0^12,16]hexadeca-1(15),9,12(16),13-tetraen-5-yl]butan-1-one",Agonist,pharmacological_orthosteric_ligand,ELECTRON MICROSCOPY,4.4,3.7,2.3,11.4,0.91,27,22,2 3 4 5 6 7 45,2x60 2x63 2x64 3x28 3x29 3x32 3x33 3x36 3x37 3x40 45x50 45x51 45x52 4x56 5x43 5x461 6x48 6x51 6x52 7x38 7x39 7x42
Aminergic receptors,8JT8,5ht2a_human,EZX,"1-(4-fluorophenyl)-4-[(7R)-2,5,11-triazatetracyclo[7.6.1.0^2,7.0^12,16]hexadeca-1(15),9,12(16),13-tetraen-5-yl]butan-1-one",Agonist,pharmacological_orthosteric_ligand,X-RAY DIFFRACTION,2.5,2.3,1.0,10.9,0.86,27,22,3 5 6 7 45,3x28 3x29 3x32 3x33 3x36 3x37 3x40 45x50 45x51 45x52 5x461 5x47 6x44 6x48 6x51 6x52 6x55 7x31 7x34 7x35 7x38 7x42
Aminergic receptors,8JXR,drd1_human,7LD,Lysergide,Agonist,pharmacological_orthosteric_ligand,ELECTRON MICROSCOPY,2.8,2.7,0.6,11.8,1.0,27,19,2 3 5 6 7 45,2x60 3x28 3x29 3x32 3x33 3x36 3x37 3x40 45x51 5x43 5x461 6x48 6x51 6x52 6x55 7x34 7x35 7x38 7x42
Aminergic receptors,8JXS,drd1_human,V6X,CHEMBL4277264,Agonist,pharmacological_orthosteric_ligand,ELECTRON MICROSCOPY,4.6,4.4,1.1,11.4,0.95,27,22,2 3 5 6 7 45,2x60 3x25 3x28 3x29 3x32 3x33 3x36 3x37 45x50 45x51 45x52 5x43 5x44 5x461 6x48 6x51 6x52 6x55 7x34 7x35 7x38 7x42
Aminergic receptors,8JXT,hrh4_human,HSM,histamine,Agonist,pharmacological_orthosteric_ligand,ELECTRON MICROSCOPY,3.1,1.5,2.7,12.0,1.0,27,7,3 6 7,3x32 3x33 3x36 6x51 7x38 7x41 7x42
Aminergic receptors,8JXV,hrh4_human,VBU,clozapine,Agonist,pharmacological_orthosteric_ligand,ELECTRON MICROSCOPY,1.7,0.7,1.6,11.9,0.94,27,18,3 4 5 6 7 45,3x32 3x33 3x36 3x37 45x51 4x56 4x57 5x40 5x43 5x44 5x461 6x48 6x51 6x52 6x55 7x38 7x41 7x42
Aminergic receptors,8JXW,hrh4_human,VCF,CHEMBL213912,Agonist,pharmacological_orthosteric_ligand,ELECTRON MICROSCOPY,1.8,0.7,1.6,11.8,0.88,27,17,3 4 5 6 7,3x32 3x33 3x36 3x37 4x56 4x57 5x40 5x43 5x44 5x46 5x461 6x51 6x52 6x55 7x38 7x41 7x42
Aminergic receptors,8JXX,hrh4_human,VCL,clobenpropit,Agonist,pharmacological_orthosteric_ligand,ELECTRON MICROSCOPY,1.3,0.5,1.3,12.0,0.94,27,16,3 4 5 6 7,3x32 3x33 3x36 3x37 4x57 5x40 5x43 5x44 5x461 6x48 6x51 6x52 6x55 7x38 7x41 7x42
Aminergic receptors,8PJK,5ht1a_human,ZL9,"6-[3-[2-(2-methoxyphenoxy)ethylamino]propoxy]-4~{H}-1,4-benzoxazin-3-one",Agonist,pharmacological_orthosteric_ligand,ELECTRON MICROSCOPY,5.2,4.2,3.1,11.2,0.86,27,21,2 3 4 5 6 7 45,2x60 2x63 2x64 3x28 3x32 3x33 3x36 3x37 45x50 45x52 4x56 5x43 5x461 6x48 6x51 6x52 6x55 7x31 7x38 7x39 7x42
Aminergic receptors,8PKM,5ht1a_human,ZKV,BEFIRADOL,Agonist,pharmacological_orthosteric_ligand,ELECTRON MICROSCOPY,5.4,3.9,3.7,11.3,0.83,27,23,2 3 4 5 6 7 23 45,23x50 2x56 2x59 2x60 2x63 3x25 3x28 3x29 3x32 3x33 3x36 3x37 45x50 45x52 4x56 5x43 5x44 5x461 6x48 6x51 6x52 7x38 7x42
Aminergic receptors,8POK,hrh2_human,HSM,histamine,Agonist,pharmacological_orthosteric_ligand,ELECTRON MICROSCOPY,2.4,1.6,1.9,12.2,1.0,27,11,3 5 6 7,3x32 3x33 3x36 3x37 5x43 6x48 6x51 6x52 6x55 7x38 7x42
Aminergic receptors,8THK,ada1a_human,CGZ,CHEMBL133451,Agonist,pharmacological_orthosteric_ligand,ELECTRON MICROSCOPY,2.6,1.9,1.8,10.8,1.0,27,17,3 5 6 7 45,3x32 3x33 3x36 3x37 45x52 5x39 5x40 5x43 5x44 5x461 6x48 6x51 6x52 6x55 7x38 7x41 7x42
Aminergic receptors,8THL,ada1a_human,ALE,(-)-adrenaline,Agonist,pharmacological_orthosteric_ligand,ELECTRON MICROSCOPY,2.2,1.4,1.7,10.7,1.0,27,15,3 5 6 7,3x32 3x33 3x36 3x37 5x39 5x43 5x44 5x461 6x48 6x51 6x52 6x55 7x38 7x41 7x42
Aminergic receptors,8TZQ,drd2_human,LDP,dopamine,Agonist,pharmacological_orthosteric_ligand,ELECTRON MICROSCOPY,2.6,1.2,2.3,11.0,1.0,27,15,3 5 6 7,3x32 3x33 3x36 3x37 5x39 5x40 5x43 5x44 5x461 6x48 6x51 6x52 6x55 7x38 7x42
Aminergic receptors,8U02,drd2_human,LDP,dopamine,Agonist,pharmacological_orthosteric_ligand,ELECTRON MICROSCOPY,2.5,1.3,2.0,10.8,1.0,27,16,3 5 6 7 45,3x32 3x33 3x36 3x37 45x52 5x39 5x40 5x43 5x44 5x461 6x48 6x51 6x52 6x55 7x38 7x42
Aminergic receptors,8UGY,5ht1e_human,WRU,CHEMBL252719,Agonist,pharmacological_orthosteric_ligand,ELECTRON MICROSCOPY,3.5,2.6,2.4,11.4,1.0,27,16,3 4 5 6 7 45,3x29 3x32 3x33 3x36 3x37 45x52 4x56 5x43 5x44 5x461 6x48 6x51 6x52 6x55 7x38 7x42
Aminergic receptors,8UH3,5ht1e_human,WOQ,SETIPTILINE,Agonist,pharmacological_orthosteric_ligand,ELECTRON MICROSCOPY,3.3,2.6,2.0,11.5,1.0,27,15,3 5 6 7 45,3x29 3x32 3x33 3x36 3x37 45x52 5x39 5x43 5x461 6x48 6x51 6x52 6x55 7x38 7x42
Aminergic receptors,8UHB,taar1_human,WV8,CHEMBL3684869,Agonist,pharmacological_orthosteric_ligand,ELECTRON MICROSCOPY,1.9,0.9,1.7,11.8,0.87,27,15,2 3 5 6 7 45,2x53 3x32 3x33 3x36 3x37 45x52 5x43 5x461 6x48 6x51 6x52 7x38 7x41 7x42 7x46
Aminergic receptors,8UNL,adrb2_human,G1I,"(5R,6R)-6-(methylamino)-5,6,7,8-tetrahydronaphthalene-1,2,5-triol",Agonist,pharmacological_orthosteric_ligand,ELECTRON MICROSCOPY,3.3,2.6,2.0,11.1,1.0,27,15,3 5 6 7 45,3x32 3x33 3x36 3x37 45x52 5x39 5x43 5x44 5x461 6x51 6x52 6x55 7x34 7x38 7x42
Aminergic receptors,8UNM,adrb2_human,G1I,"(5R,6R)-6-(methylamino)-5,6,7,8-tetrahydronaphthalene-1,2,5-triol",Agonist,pharmacological_orthosteric_ligand,ELECTRON MICROSCOPY,3.3,2.7,1.9,11.3,1.0,27,16,3 5 6 7 45,3x28 3x29 3x32 3x33 3x36 45x52 5x39 5x43 5x44 5x461 6x51 6x52 6x55 7x34 7x38 7x42
Aminergic receptors,8UNN,adrb2_human,G1I,"(5R,6R)-6-(methylamino)-5,6,7,8-tetrahydronaphthalene-1,2,5-triol",Agonist,pharmacological_orthosteric_ligand,ELECTRON MICROSCOPY,3.3,2.3,2.3,11.3,1.0,27,15,3 5 6 7 45,3x32 3x33 3x36 3x37 45x52 5x39 5x43 5x44 5x461 6x51 6x52 6x55 7x34 7x38 7x42
Aminergic receptors,8UNO,adrb2_human,G1I,"(5R,6R)-6-(methylamino)-5,6,7,8-tetrahydronaphthalene-1,2,5-triol",Agonist,pharmacological_orthosteric_ligand,ELECTRON MICROSCOPY,3.2,2.5,2.0,11.2,1.0,27,15,3 5 6 7 45,3x32 3x33 3x36 3x37 45x52 5x39 5x43 5x44 5x461 6x51 6x52 6x55 7x34 7x38 7x42
Aminergic receptors,8UNP,adrb2_human,G1I,"(5R,6R)-6-(methylamino)-5,6,7,8-tetrahydronaphthalene-1,2,5-triol",Agonist,pharmacological_orthosteric_ligand,ELECTRON MICROSCOPY,3.2,2.5,2.0,11.2,1.0,27,14,3 5 6 7 45,3x32 3x33 3x36 45x52 5x39 5x43 5x44 5x461 6x51 6x52 6x55 7x34 7x38 7x42
Aminergic receptors,8UNQ,adrb2_human,G1I,"(5R,6R)-6-(methylamino)-5,6,7,8-tetrahydronaphthalene-1,2,5-triol",Agonist,pharmacological_orthosteric_ligand,ELECTRON MICROSCOPY,3.2,2.5,2.0,11.3,1.0,27,15,3 5 6 7 45,3x32 3x33 3x36 45x52 5x39 5x43 5x44 5x461 6x48 6x51 6x52 6x55 7x34 7x38 7x42
Aminergic receptors,8UNR,adrb2_human,G1I,"(5R,6R)-6-(methylamino)-5,6,7,8-tetrahydronaphthalene-1,2,5-triol",Agonist,pharmacological_orthosteric_ligand,ELECTRON MICROSCOPY,3.2,2.5,1.9,11.3,1.0,27,15,3 5 6 7 45,3x32 3x33 3x36 3x37 45x52 5x39 5x43 5x44 5x461 6x51 6x52 6x55 7x34 7x38 7x42
Aminergic receptors,8UNS,adrb2_human,G1I,"(5R,6R)-6-(methylamino)-5,6,7,8-tetrahydronaphthalene-1,2,5-triol",Agonist,pharmacological_orthosteric_ligand,ELECTRON MICROSCOPY,3.2,2.3,2.2,11.3,1.0,27,15,3 5 6 7 45,3x32 3x33 3x36 3x37 45x52 5x39 5x43 5x44 5x461 6x51 6x52 6x55 7x34 7x38 7x42
Aminergic receptors,8UNT,adrb2_human,G1I,"(5R,6R)-6-(methylamino)-5,6,7,8-tetrahydronaphthalene-1,2,5-triol",Agonist,pharmacological_orthosteric_ligand,ELECTRON MICROSCOPY,3.2,2.6,1.9,11.4,1.0,27,15,3 5 6 7 45,3x32 3x33 3x36 3x37 45x52 5x39 5x43 5x44 5x461 6x51 6x52 6x55 7x34 7x38 7x42
Aminergic receptors,8UNU,adrb2_human,G1I,"(5R,6R)-6-(methylamino)-5,6,7,8-tetrahydronaphthalene-1,2,5-triol",Agonist,pharmacological_orthosteric_ligand,ELECTRON MICROSCOPY,3.3,2.6,2.2,11.2,1.0,27,16,3 5 6 7 45,3x29 3x32 3x33 3x36 3x37 45x52 5x39 5x43 5x44 5x461 6x51 6x52 6x55 7x34 7x38 7x42
Aminergic receptors,8UNV,adrb2_human,G1I,"(5R,6R)-6-(methylamino)-5,6,7,8-tetrahydronaphthalene-1,2,5-triol",Agonist,pharmacological_orthosteric_ligand,ELECTRON MICROSCOPY,3.6,2.8,2.2,11.1,1.0,27,15,3 5 6 7 45,3x29 3x32 3x33 3x36 45x52 5x39 5x43 5x44 5x461 6x51 6x52 6x55 7x34 7x38 7x42
Aminergic receptors,8UNW,adrb2_human,G1I,"(5R,6R)-6-(methylamino)-5,6,7,8-tetrahydronaphthalene-1,2,5-triol",Agonist,pharmacological_orthosteric_ligand,ELECTRON MICROSCOPY,3.3,2.5,2.2,11.2,1.0,27,16,3 5 6 7 45,3x29 3x32 3x33 3x36 3x37 45x52 5x39 5x43 5x44 5x461 6x51 6x52 6x55 7x34 7x38 7x42
Aminergic receptors,8UNX,adrb2_human,G1I,"(5R,6R)-6-(methylamino)-5,6,7,8-tetrahydronaphthalene-1,2,5-triol",Agonist,pharmacological_orthosteric_ligand,ELECTRON MICROSCOPY,3.2,2.7,1.8,11.4,1.0,27,16,3 5 6 7 45,3x29 3x32 3x33 3x36 3x37 45x52 5x39 5x43 5x44 5x461 6x51 6x52 6x55 7x34 7x38 7x42
Aminergic receptors,8UNY,adrb2_human,G1I,"(5R,6R)-6-(methylamino)-5,6,7,8-tetrahydronaphthalene-1,2,5-triol",Agonist,pharmacological_orthosteric_ligand,ELECTRON MICROSCOPY,3.5,2.7,2.2,11.4,1.0,27,14,3 5 6 7 45,3x29 3x32 3x33 3x36 45x52 5x43 5x44 5x461 6x51 6x52 6x55 7x34 7x38 7x42
Aminergic receptors,8UNZ,adrb2_human,G1I,"(5R,6R)-6-(methylamino)-5,6,7,8-tetrahydronaphthalene-1,2,5-triol",Agonist,pharmacological_orthosteric_ligand,ELECTRON MICROSCOPY,3.3,2.8,1.8,11.6,1.0,27,15,3 5 6 7 45,3x28 3x32 3x33 3x36 45x52 5x39 5x43 5x44 5x461 6x51 6x52 6x55 7x34 7x38 7x42
Aminergic receptors,8UO0,adrb2_human,G1I,"(5R,6R)-6-(methylamino)-5,6,7,8-tetrahydronaphthalene-1,2,5-triol",Agonist,pharmacological_orthosteric_ligand,ELECTRON MICROSCOPY,3.4,2.5,2.2,11.5,1.0,27,16,3 5 6 7 45,3x29 3x32 3x33 3x36 45x52 5x39 5x40 5x43 5x44 5x461 6x51 6x52 6x55 7x34 7x38 7x42
Aminergic receptors,8UO1,adrb2_human,G1I,"(5R,6R)-6-(methylamino)-5,6,7,8-tetrahydronaphthalene-1,2,5-triol",Agonist,pharmacological_orthosteric_ligand,ELECTRON MICROSCOPY,3.4,2.9,1.8,11.4,1.0,27,14,3 5 6 7 45,3x32 3x33 3x36 3x37 45x52 5x43 5x44 5x461 6x51 6x52 6x55 7x34 7x38 7x42
Aminergic receptors,8UO2,adrb2_human,G1I,"(5R,6R)-6-(methylamino)-5,6,7,8-tetrahydronaphthalene-1,2,5-triol",Agonist,pharmacological_orthosteric_ligand,ELECTRON MICROSCOPY,3.4,2.9,1.9,11.4,1.0,27,15,3 5 6 7 45,3x28 3x29 3x32 3x33 3x36 45x52 5x43 5x44 5x461 6x51 6x52 6x55 7x34 7x38 7x42
Aminergic receptors,8UO3,adrb2_human,G1I,"(5R,6R)-6-(methylamino)-5,6,7,8-tetrahydronaphthalene-1,2,5-triol",Agonist,pharmacological_orthosteric_ligand,ELECTRON MICROSCOPY,3.4,2.5,2.4,11.3,1.0,27,11,3 5 6 7 45,3x32 3x33 3x36 45x52 5x39 5x40 5x43 5x44 6x51 7x38 7x42
Aminergic receptors,8UO4,adrb2_human,G1I,"(5R,6R)-6-(methylamino)-5,6,7,8-tetrahydronaphthalene-1,2,5-triol",Agonist,pharmacological_orthosteric_ligand,ELECTRON MICROSCOPY,3.6,2.7,2.5,11.6,1.0,27,8,3 5 45,3x32 3x33 3x36 45x52 5x40 5x43 5x44 5x461
Aminergic receptors,8UWL,5ht2a_human,H8G,lisuride,Agonist,pharmacological_orthosteric_ligand,ELECTRON MICROSCOPY,3.6,2.8,2.2,11.6,0.95,27,20,2 3 5 6 7 45,2x56 3x28 3x29 3x32 3x33 3x36 3x37 45x50 45x51 45x52 5x39 5x43 5x44 5x461 6x48 6x51 6x52 6x55 7x38 7x42
Aminergic receptors,8V6U,5ht2a_human,YEQ,4-{(3R)-1-[(1R)-1-(pyrimidin-2-yl)ethyl]piperidin-3-yl}phenol,Agonist,pharmacological_orthosteric_ligand,ELECTRON MICROSCOPY,3.0,2.7,1.2,11.2,1.0,27,15,3 4 5 6 7 45,3x32 3x33 3x36 3x37 45x51 4x56 5x43 5x44 5x461 6x48 6x51 6x52 7x34 7x38 7x42
Aminergic receptors,8W1V,adrb2_human,A1AE2,"(2S)-1-[(3-{1-[4-(4-{(2S)-2-hydroxy-3-[(propan-2-yl)amino]propoxy}phenyl)butyl]-1H-1,2,3-triazol-4-yl}propyl)amino]-3-(2-propylphenoxy)propan-2-ol",Antagonist,pharmacological_orthosteric_ligand,X-RAY DIFFRACTION,6.4,6.4,0.5,11.5,0.88,27,26,2 3 5 6 7 45,2x63 3x28 3x29 3x32 3x33 3x36 3x37 45x50 45x51 45x52 5x39 5x40 5x43 5x44 5x461 6x48 6x51 6x52 6x55 6x58 6x59 7x31 7x34 7x35 7x38 7x42
Aminergic receptors,8W87,taar1_human,B40,METHAMPHETAMINE,Agonist,pharmacological_orthosteric_ligand,ELECTRON MICROSCOPY,2.2,1.2,1.9,11.4,1.0,27,12,3 5 6 7 45,3x32 3x33 3x36 3x37 45x52 5x43 5x461 6x48 6x51 6x52 7x38 7x42
Aminergic receptors,8W88,taar1_human,UJL,ulotaront,Agonist,pharmacological_orthosteric_ligand,ELECTRON MICROSCOPY,2.2,1.3,1.8,11.1,1.0,27,13,3 5 6 7 45,3x32 3x33 3x36 3x37 45x52 5x43 5x461 6x48 6x51 6x52 7x38 7x41 7x42
Aminergic receptors,8W89,taar1_human,PEA,2-Phenylethanaminium,Agonist,pharmacological_orthosteric_ligand,ELECTRON MICROSCOPY,2.1,1.3,1.7,11.3,1.0,27,13,3 5 6 7 45,3x32 3x33 3x36 3x37 45x52 5x43 5x461 6x48 6x51 6x52 6x55 7x38 7x42
Aminergic receptors,8W8A,taar1_human,T5U,CHEMBL3684869,Agonist,pharmacological_orthosteric_ligand,ELECTRON MICROSCOPY,1.8,0.5,1.8,11.4,0.87,27,15,2 3 5 6 7 45,2x53 3x32 3x33 3x36 3x37 45x52 5x43 5x461 6x48 6x51 6x52 7x38 7x41 7x42 7x46
Aminergic receptors,8W8B,5ht1a_human,UJL,ulotaront,Agonist,pharmacological_orthosteric_ligand,ELECTRON MICROSCOPY,2.0,1.0,1.8,11.0,1.0,27,13,3 5 6 7 45,3x32 3x33 3x36 3x37 45x52 5x43 5x461 6x48 6x51 6x52 7x38 7x41 7x42
Aminergic receptors,8WC3,taar1_mouse,UJL,ulotaront,Agonist,pharmacological_orthosteric_ligand,ELECTRON MICROSCOPY,2.3,0.9,2.1,11.3,1.0,27,13,3 4 5 6 7 45,3x32 3x33 3x36 3x37 45x52 4x56 5x43 5x461 6x48 6x51 6x52 7x38 7x42
Aminergic receptors,8WC4,taar1_mouse,VMT,CHEMBL476516,Agonist,pharmacological_orthosteric_ligand,ELECTRON MICROSCOPY,2.5,1.3,2.1,11.6,1.0,27,12,3 4 5 6 7,3x32 3x33 3x36 3x37 4x56 5x43 5x461 6x48 6x51 6x52 7x38 7x42
Aminergic receptors,8WC5,taar1_mouse,TMA,Tetramethylammonium,Agonist,pharmacological_orthosteric_ligand,ELECTRON MICROSCOPY,2.9,0.5,2.8,11.0,1.0,27,7,3 6 7,3x32 3x33 3x36 6x48 6x51 7x38 7x42
Aminergic receptors,8WC6,taar1_mouse,PEA,2-Phenylethanaminium,Agonist,pharmacological_orthosteric_ligand,ELECTRON MICROSCOPY,2.5,1.3,2.2,11.4,1.0,27,10,3 4 6 7 45,3x32 3x33 3x36 3x37 45x52 4x56 6x51 6x52 7x38 7x42
Aminergic receptors,8WC7,taar1_mouse,VMK,2-[4-(3-Fluorophenyl)phenyl]ethan-1-amine,Agonist,pharmacological_orthosteric_ligand,ELECTRON MICROSCOPY,2.3,1.2,2.0,11.4,1.0,27,13,3 4 5 6 7 45,3x32 3x33 3x36 3x37 45x52 4x56 5x43 5x461 6x48 6x51 6x52 7x38 7x42
Aminergic receptors,8WC8,taar1_human,VMT,CHEMBL476516,Agonist,pharmacological_orthosteric_ligand,ELECTRON MICROSCOPY,1.9,0.9,1.7,11.1,1.0,27,12,3 5 6 7 45,3x32 3x33 3x36 45x52 5x43 6x48 6x51 6x52 6x55 7x38 7x41 7x42
Aminergic receptors,8WC9,taar1_mouse,VMT,CHEMBL476516,Agonist,pharmacological_orthosteric_ligand,ELECTRON MICROSCOPY,2.2,1.1,1.9,11.3,1.0,27,13,3 4 5 6 7 45,3x32 3x33 3x36 3x37 45x52 4x56 5x43 5x461 6x48 6x51 6x52 7x38 7x42
Aminergic receptors,8WCA,taar1_human,PEA,2-Phenylethanaminium,Agonist,pharmacological_orthosteric_ligand,ELECTRON MICROSCOPY,2.0,1.1,1.7,11.7,1.0,27,10,3 5 6 7,3x32 3x33 3x36 5x43 5x461 6x48 6x51 6x52 7x38 7x42
Aminergic receptors,8WCB,taar1_mouse,HAI,Cyclohexylammonium ion,Agonist,pharmacological_orthosteric_ligand,ELECTRON MICROSCOPY,1.5,1.1,1.0,11.3,1.0,27,10,3 5 6 7 45,3x32 3x33 3x36 45x52 5x43 6x48 6x51 6x52 7x38 7x42
Aminergic receptors,8WCC,taar1_mouse,HAI,Cyclohexylammonium ion,Agonist,pharmacological_orthosteric_ligand,ELECTRON MICROSCOPY,2.3,1.5,1.8,11.3,1.0,27,8,3 6 7 45,3x32 3x33 3x36 45x52 6x51 6x52 7x38 7x42
Aminergic receptors,8X5Y,hrh1_human,XB7,astemizole,Antagonist,pharmacological_orthosteric_ligand,ELECTRON MICROSCOPY,2.4,1.8,1.5,11.9,0.83,27,24,2 3 4 5 6 7,2x60 2x63 2x64 3x28 3x32 3x33 3x36 3x37 3x40 4x57 5x40 5x43 5x44 5x461 5x47 6x44 6x48 6x51 6x52 6x55 7x34 7x35 7x38 7x42
Aminergic receptors,8X63,hrh1_human,Y5E,mepyramine,Antagonist,pharmacological_orthosteric_ligand,ELECTRON MICROSCOPY,2.3,-0.4,2.2,11.7,0.83,27,18,3 4 5 6 7,3x32 3x33 3x36 3x37 3x40 4x57 5x40 5x43 5x44 5x461 5x47 6x44 6x48 6x51 6x52 6x55 7x38 7x42
Aminergic receptors,8X64,hrh1_human,Y5R,desloratadine,Antagonist,pharmacological_orthosteric_ligand,ELECTRON MICROSCOPY,2.7,-0.0,2.7,11.8,0.87,27,15,3 4 5 6 7,3x32 3x33 3x36 3x37 3x40 4x57 5x43 5x44 5x461 5x47 6x48 6x51 6x52 6x55 7x42
Aminergic receptors,8YN2,hrh1_human,HSM,histamine,Agonist,pharmacological_orthosteric_ligand,ELECTRON MICROSCOPY,2.3,0.3,2.3,11.2,0.92,27,12,3 4 5 6 7,3x32 3x33 3x36 3x37 4x57 5x461 6x48 6x51 6x52 6x55 7x38 7x42
Aminergic receptors,8YN3,hrh2_human,HSM,histamine,Agonist,pharmacological_orthosteric_ligand,ELECTRON MICROSCOPY,2.2,1.1,1.9,11.6,1.0,27,11,3 5 6 7,3x32 3x33 3x36 3x37 5x43 6x48 6x51 6x52 6x55 7x38 7x42
Aminergic receptors,8YN4,hrh2_human,HSM,histamine,Agonist,pharmacological_orthosteric_ligand,ELECTRON MICROSCOPY,2.1,1.0,1.9,11.5,1.0,27,11,3 5 6 7,3x32 3x33 3x36 3x37 5x43 6x48 6x51 6x52 6x55 7x38 7x42
Aminergic receptors,8YN5,hrh3_human,HSM,histamine,Agonist,pharmacological_orthosteric_ligand,ELECTRON MICROSCOPY,2.4,0.8,2.3,11.4,0.89,27,9,3 5 6 7,3x32 3x33 3x36 5x461 6x51 7x38 7x39 7x41 7x42
Aminergic receptors,8YN6,hrh3_human,ITF,imetit,Agonist,pharmacological_orthosteric_ligand,ELECTRON MICROSCOPY,1.3,0.6,1.1,11.5,0.86,27,14,3 4 5 6 7,3x32 3x33 3x36 3x37 4x57 5x461 6x48 6x51 6x52 6x55 7x38 7x39 7x41 7x42
Aminergic receptors,8YN8,hrh3_human,A1LY3,proxyfan,Agonist,pharmacological_orthosteric_ligand,ELECTRON MICROSCOPY,1.1,0.6,1.0,11.6,0.93,27,15,3 4 5 6 7,3x32 3x33 3x36 3x37 4x57 5x40 5x44 5x461 6x48 6x51 6x52 6x55 7x38 7x41 7x42
Aminergic receptors,8YN9,hrh4_human,HSM,histamine,Agonist,pharmacological_orthosteric_ligand,ELECTRON MICROSCOPY,2.9,0.9,2.8,11.5,0.82,27,11,3 5 6 7,3x32 3x33 3x36 5x461 6x48 6x51 7x37 7x38 7x39 7x41 7x42
Aminergic receptors,8YNA,hrh4_human,A1LY4,immepip,Agonist,pharmacological_orthosteric_ligand,ELECTRON MICROSCOPY,1.6,0.5,1.5,11.6,0.91,27,11,3 4 5 6 7,3x32 3x33 3x36 3x37 4x57 5x461 6x48 6x51 7x38 7x41 7x42
Aminergic receptors,8YUT,hrh2_human,A1D67,amthamine,Agonist,pharmacological_orthosteric_ligand,ELECTRON MICROSCOPY,2.9,0.7,2.8,11.6,1.0,27,16,3 4 5 6 7 45,3x32 3x33 3x36 3x37 3x40 45x52 4x56 5x39 5x43 5x461 6x48 6x51 6x52 6x55 7x38 7x42
Aminergic receptors,8YUU,hrh3_human,HSM,histamine,Agonist,pharmacological_orthosteric_ligand,ELECTRON MICROSCOPY,2.7,0.7,2.6,11.6,0.89,27,9,3 5 6 7,3x32 3x33 3x36 5x461 6x51 7x38 7x39 7x41 7x42
Aminergic receptors,8YUV,hrh3_human,A1LY4,immepip,Agonist,pharmacological_orthosteric_ligand,ELECTRON MICROSCOPY,1.6,0.3,1.6,11.5,0.91,27,11,3 4 5 6 7,3x32 3x33 3x36 3x37 4x57 5x461 6x48 6x51 7x38 7x41 7x42
Aminergic receptors,8ZMF,5ht2c_human,A1L10,1-[(4-Fluorophenyl)methyl]-1-(5-methyl-5-azaspiro[2.5]octan-8-yl)-3-[[4-(2-methylpropoxy)phenyl]methyl]urea,Inverse agonist,pharmacological_orthosteric_ligand,X-RAY DIFFRACTION,4.3,0.9,4.2,10.7,0.76,27,25,3 4 5 6 7 45,3x28 3x29 3x32 3x33 3x36 3x37 3x39 3x40 45x52 4x56 4x60 4x61 4x64 5x39 5x40 5x43 5x44 5x461 5x47 6x44 6x48 6x51 6x52 7x38 7x42
Aminergic receptors,8ZMG,5ht2a_human,A1L11,pimavanserin,Inverse agonist,pharmacological_orthosteric_ligand,X-RAY DIFFRACTION,4.6,0.5,4.5,10.8,0.79,27,24,3 4 5 6 7 45,3x28 3x29 3x32 3x33 3x36 3x37 3x40 45x52 4x56 4x60 4x61 5x39 5x40 5x42 5x43 5x44 5x461 5x47 6x44 6x48 6x51 6x52 7x38 7x42
Aminergic receptors,8ZSP,taar1_human,7LD,Lysergide,Agonist,pharmacological_orthosteric_ligand,ELECTRON MICROSCOPY,3.2,2.7,1.8,11.0,1.0,27,22,2 3 4 5 6 7 45,2x60 2x63 3x28 3x29 3x32 3x33 3x36 3x37 3x40 45x50 45x51 45x52 4x56 5x43 5x461 6x48 6x51 6x52 7x34 7x35 7x38 7x42
Aminergic receptors,8ZSS,taar1_human,A1D8X,RO5256390,Agonist,pharmacological_orthosteric_ligand,ELECTRON MICROSCOPY,1.7,1.1,1.3,10.9,0.87,27,15,3 5 6 7 45,3x32 3x33 3x36 3x37 45x52 5x43 5x461 6x48 6x51 6x52 7x37 7x38 7x39 7x41 7x42
Aminergic receptors,8ZSV,taar1_mouse,A1D8X,RO5256390,Agonist,pharmacological_orthosteric_ligand,ELECTRON MICROSCOPY,1.7,1.1,1.3,11.4,0.93,27,14,3 5 6 7 45,3x32 3x33 3x36 3x37 45x52 5x43 5x461 6x48 6x51 6x52 7x37 7x38 7x41 7x42
Aminergic receptors,9CBL,ada2a_human,ALE,(-)-adrenaline,Agonist,pharmacological_orthosteric_ligand,ELECTRON MICROSCOPY,2.1,0.9,1.8,11.1,1.0,27,14,3 5 6 7 45,3x32 3x33 3x36 3x37 45x52 5x43 5x44 5x461 6x48 6x51 6x52 6x55 7x38 7x42
Aminergic receptors,9CBM,ada2a_human,CZX,dexmedetomidine,Agonist,pharmacological_orthosteric_ligand,ELECTRON MICROSCOPY,1.5,0.8,1.3,11.3,0.94,27,17,3 5 6 7 45,3x32 3x33 3x36 3x37 3x40 45x52 5x43 5x44 5x461 6x48 6x51 6x52 6x55 7x38 7x39 7x41 7x42
Aminergic receptors,9CHU,adrb2_human,E5E,Noradrenaline,Agonist,pharmacological_orthosteric_ligand,ELECTRON MICROSCOPY,2.6,1.4,2.3,11.6,1.0,27,14,3 5 6 7 45,3x32 3x33 3x36 45x52 5x39 5x43 5x44 5x461 6x48 6x51 6x52 6x55 7x38 7x42
Aminergic receptors,9CHX,adrb2_human,CAU,Carazolol,Inverse agonist,pharmacological_orthosteric_ligand,ELECTRON MICROSCOPY,3.5,2.6,2.3,11.7,1.0,27,19,3 5 6 7 45,3x28 3x29 3x32 3x33 3x36 3x37 45x52 5x39 5x40 5x43 5x44 5x461 6x48 6x51 6x52 6x55 7x34 7x38 7x42
Aminergic receptors,9F33,drd3_human,A1H9N,CHEMBL4551160,Agonist,pharmacological_orthosteric_ligand,ELECTRON MICROSCOPY,6.8,5.5,3.9,11.3,0.87,27,23,1 2 3 5 6 7 45,1x32 2x60 2x63 2x64 2x67 3x28 3x32 3x33 3x36 3x37 45x50 45x51 45x52 5x43 5x44 5x461 6x48 6x51 6x52 6x55 7x34 7x38 7x42
Aminergic receptors,9F34,drd3_human,A1H9N,CHEMBL4551160,Agonist,pharmacological_orthosteric_ligand,ELECTRON MICROSCOPY,6.1,5.1,3.3,11.4,0.95,27,19,2 3 5 6 7 45,2x60 2x63 3x28 3x32 3x33 3x36 3x37 45x50 5x43 5x44 5x461 6x48 6x51 6x52 6x55 7x31 7x34 7x38 7x42
Aminergic receptors,9IJD,adrb3_human,CAU,Carazolol,Inverse agonist,pharmacological_orthosteric_ligand,ELECTRON MICROSCOPY,4.3,3.4,2.7,10.5,1.0,27,17,3 5 6 7,3x28 3x29 3x32 3x33 3x36 3x37 5x39 5x40 5x43 5x44 5x461 6x48 6x51 6x52 6x55 7x38 7x42
Aminergic receptors,9IJE,adrb3_human,ALE,(-)-adrenaline,Agonist,pharmacological_orthosteric_ligand,ELECTRON MICROSCOPY,3.5,2.5,2.5,10.9,1.0,27,16,3 4 5 6 7,3x28 3x29 3x32 3x33 3x36 3x37 4x56 5x43 5x44 5x461 6x48 6x51 6x52 6x55 7x38 7x42
Aminergic receptors,9JKQ,taar1_human,B40,METHAMPHETAMINE,Agonist,pharmacological_orthosteric_ligand,ELECTRON MICROSCOPY,2.2,1.3,1.8,11.4,1.0,27,12,3 5 6 7 45,3x32 3x33 3x36 3x37 45x52 5x43 5x461 6x48 6x51 6x52 7x38 7x42
Peptide receptors,3VW7,par1_human,VPX,vorapaxar,Antagonist,pharmacological_orthosteric_ligand,X-RAY DIFFRACTION,9.4,8.9,3.0,12.4,0.42,26,19,3 4 5 6 7 45,3x33 3x37 45x51 45x52 4x56 4x57 4x60 4x61 5x39 6x54 6x55 6x58 6x59 6x62 7x29 7x30 7x31 7x33 7x34
Peptide receptors,4DJH,oprk_human,JDC,JDTic,Antagonist,pharmacological_orthosteric_ligand,X-RAY DIFFRACTION,4.8,3.2,3.5,11.8,0.91,26,23,2 3 5 6 7 23 45,23x50 2x53 2x56 2x60 2x63 3x28 3x29 3x32 3x33 3x35 3x36 45x50 5x39 5x40 5x43 6x48 6x51 6x52 6x55 7x34 7x38 7x41 7x42
Peptide receptors,4EA3,oprx_human,0NN,compound 24 [PMID: 16451050],Antagonist,pharmacological_orthosteric_ligand,X-RAY DIFFRACTION,5.1,4.2,3.0,11.8,0.86,26,21,2 3 5 6 7 23 45,23x50 2x60 2x63 3x28 3x29 3x32 3x33 3x36 3x37 45x50 45x51 45x52 5x43 5x461 6x48 6x51 6x52 6x55 7x35 7x38 7x42
Peptide receptors,4EJ4,oprd_mouse,EJ4,naltrindole,Antagonist,pharmacological_orthosteric_ligand,X-RAY DIFFRACTION,4.0,3.9,0.6,12.2,1.0,26,14,3 5 6 7,3x32 3x33 3x36 5x40 5x43 6x48 6x51 6x52 6x55 6x58 7x34 7x38 7x41 7x42
Peptide receptors,4N6H,oprd_human,EJ4,naltrindole,Antagonist,pharmacological_orthosteric_ligand,X-RAY DIFFRACTION,3.7,3.6,0.4,12.1,0.88,26,16,3 5 6 7,3x32 3x33 3x36 5x40 5x43 6x48 6x51 6x52 6x55 6x58 6x59 7x34 7x37 7x38 7x41 7x42
Peptide receptors,4S0V,ox2r_human,SUV,suvorexant,Antagonist,pharmacological_orthosteric_ligand,X-RAY DIFFRACTION,4.6,3.7,2.7,11.5,0.86,26,21,2 3 4 5 6 7 23 45,23x50 2x56 2x59 2x60 2x63 3x28 3x29 3x32 3x33 3x36 45x52 4x61 4x65 5x40 5x43 6x48 6x51 6x55 7x38 7x41 7x42
Peptide receptors,4YAY,agtr1_human,ZD7,ZD-7155,Antagonist,pharmacological_orthosteric_ligand,X-RAY DIFFRACTION,6.5,4.4,4.9,11.9,0.67,26,21,1 2 3 4 7 45,1x35 1x39 2x53 2x57 2x60 2x63 2x64 3x28 3x29 3x32 3x33 3x36 3x37 45x50 45x52 4x60 4x61 4x65 7x35 7x38 7x42
Peptide receptors,4ZJ8,ox1r_human,SUV,suvorexant,Antagonist,pharmacological_orthosteric_ligand,X-RAY DIFFRACTION,4.4,3.4,2.8,11.1,0.86,26,22,2 3 4 5 6 7 23 45,23x50 2x56 2x59 2x60 2x63 3x28 3x29 3x32 3x33 3x36 45x52 4x61 4x65 5x40 5x43 6x48 6x51 6x52 6x55 7x38 7x41 7x42
Peptide receptors,4ZJC,ox1r_human,4OT,SB-674042,Antagonist,pharmacological_orthosteric_ligand,X-RAY DIFFRACTION,4.4,3.6,2.6,11.4,0.86,26,22,2 3 4 5 6 7 23 45,23x50 2x56 2x59 2x60 2x63 3x28 3x29 3x32 3x33 3x36 45x52 4x61 4x65 5x40 5x43 6x48 6x51 6x52 6x55 7x38 7x41 7x42
Peptide receptors,4ZUD,agtr1_human,OLM,OLMESARTAN,Inverse agonist,pharmacological_orthosteric_ligand,X-RAY DIFFRACTION,6.7,5.2,4.3,11.7,0.75,26,20,1 2 3 4 5 6 7 45,1x39 2x53 2x57 2x60 2x63 2x64 3x29 3x32 3x33 3x36 3x37 45x50 45x52 4x61 4x65 5x43 6x48 7x35 7x38 7x42
Peptide receptors,5C1M,oprm_mouse,VF1,BU72,Agonist,pharmacological_orthosteric_ligand,X-RAY DIFFRACTION,4.4,4.1,1.6,11.6,1.0,26,16,2 3 5 6 7 23,23x50 2x60 3x28 3x29 3x32 3x33 3x36 5x40 5x43 6x48 6x51 6x52 6x55 7x34 7x38 7x42
Peptide receptors,5DHG,oprx_human,DGV,CHEMBL1783826,Antagonist,pharmacological_orthosteric_ligand,X-RAY DIFFRACTION,5.0,4.1,3.0,11.9,0.85,26,20,2 3 5 6 7 23 45,23x50 2x60 2x63 3x28 3x29 3x32 3x33 3x36 3x37 45x50 45x52 5x43 5x461 6x48 6x51 6x52 6x55 7x35 7x38 7x42
Peptide receptors,5DHH,oprx_human,DGW,SB 612111,Antagonist,pharmacological_orthosteric_ligand,X-RAY DIFFRACTION,5.0,4.2,2.9,11.8,0.89,26,19,2 3 5 6 7 23 45,23x50 2x60 2x63 2x64 3x28 3x29 3x32 3x33 3x36 45x50 5x43 5x461 6x48 6x51 6x52 6x55 7x35 7x38 7x42
Peptide receptors,5NDD,par2_human,8TZ,AZ8838,Antagonist,pharmacological_orthosteric_ligand,X-RAY DIFFRACTION,9.2,5.7,7.2,11.2,0.76,26,17,1 2 3 7 23 45,1x35 1x39 23x50 2x60 2x63 2x64 3x28 3x29 3x32 3x33 45x50 45x51 45x52 7x34 7x35 7x38 7x39
Peptide receptors,5O9H,c5ar1_human,9P2,NDT9513727,Antagonist,pharmacological_orthosteric_ligand,X-RAY DIFFRACTION,18.6,-10.8,15.1,11.7,0.0,26,17,3 4 5,3x40 3x41 3x44 3x45 3x48 4x44 4x45 4x47 4x48 4x49 4x52 5x45 5x46 5x49 5x50 5x53 5x54
Peptide receptors,5UNF,agtr2_human,8ES,compound 1 [PMID: 28379944],Antagonist,pharmacological_orthosteric_ligand,X-RAY DIFFRACTION,5.4,4.7,2.6,11.5,0.7,26,27,1 2 3 4 5 6 7 23 45,1x39 23x50 2x53 2x60 2x61 2x63 2x64 3x25 3x29 3x32 3x33 3x36 3x37 45x50 45x52 4x56 4x61 4x65 5x39 5x42 5x43 6x48 6x51 7x35 7x38 7x41 7x42
Peptide receptors,5UNG,agtr2_human,8ES,compound 1 [PMID: 28379944],Antagonist,pharmacological_orthosteric_ligand,X-RAY DIFFRACTION,5.4,4.6,2.7,11.4,0.7,26,27,1 2 3 4 5 6 7 23 45,1x35 1x39 23x50 2x53 2x60 2x63 2x64 3x25 3x29 3x32 3x33 3x36 3x37 45x50 45x52 4x56 4x61 4x65 5x39 5x42 5x43 6x48 6x51 7x35 7x38 7x41 7x42
Peptide receptors,5UNH,agtr2_human,8EM,compound 2 [PMID: 28379944],Antagonist,pharmacological_orthosteric_ligand,X-RAY DIFFRACTION,5.4,4.7,2.8,11.5,0.69,26,26,1 2 3 4 5 6 7 45,1x39 2x53 2x60 2x63 2x64 3x25 3x29 3x32 3x33 3x36 3x37 45x50 45x52 4x56 4x60 4x61 4x65 5x39 5x42 5x43 6x48 6x51 7x35 7x38 7x41 7x42
Peptide receptors,5WQC,ox2r_human,7MA,EMPA,Antagonist,pharmacological_orthosteric_ligand,X-RAY DIFFRACTION,4.3,3.8,2.0,11.7,0.91,26,23,2 3 4 5 6 7 23 45,23x50 2x60 2x63 3x28 3x29 3x32 3x33 3x36 45x50 45x52 4x61 4x65 5x39 5x40 5x43 5x461 6x48 6x51 6x52 6x55 7x38 7x41 7x42
Peptide receptors,5WS3,ox2r_human,7MA,EMPA,Antagonist,pharmacological_orthosteric_ligand,X-RAY DIFFRACTION,4.4,3.8,2.2,11.7,0.9,26,21,2 3 4 5 6 7 23 45,23x50 2x60 3x28 3x29 3x32 3x33 3x36 45x50 45x52 4x61 4x65 5x40 5x43 5x461 6x48 6x51 6x52 6x55 7x38 7x41 7x42
Peptide receptors,5X93,ednrb_human,K87,K-8794,Antagonist,pharmacological_orthosteric_ligand,X-RAY DIFFRACTION,5.1,3.8,3.4,11.6,0.77,26,26,1 2 3 4 5 6 7 23 45,1x39 23x50 2x53 2x56 2x57 2x60 2x63 3x25 3x28 3x29 3x32 3x33 3x36 45x50 4x61 4x65 5x39 5x43 5x461 6x48 6x51 6x52 6x55 7x38 7x41 7x42
Peptide receptors,5XPR,ednrb_human,K86,bosentan,Antagonist,pharmacological_orthosteric_ligand,X-RAY DIFFRACTION,4.9,4.3,2.4,11.5,0.83,26,24,2 3 4 5 6 7 23 45,23x50 2x53 2x56 2x60 2x63 3x25 3x28 3x29 3x32 3x33 3x36 45x50 4x61 4x65 5x39 5x43 5x461 6x48 6x51 6x52 6x55 7x38 7x41 7x42
Peptide receptors,5ZBH,npy1r_human,9AF,CHEMBL2046866,Antagonist,pharmacological_orthosteric_ligand,X-RAY DIFFRACTION,5.3,5.1,1.4,11.6,0.56,26,25,3 4 5 6 7 45,3x29 3x32 3x33 3x36 3x37 3x40 45x52 4x61 5x36 5x40 5x43 5x44 5x461 5x47 6x48 6x51 6x52 6x54 6x55 6x56 6x58 6x59 7x30 7x31 7x34
Peptide receptors,5ZBQ,npy1r_human,9AO,CHEMBL3747822,Antagonist,pharmacological_orthosteric_ligand,X-RAY DIFFRACTION,5.9,5.8,1.0,12.3,0.65,26,23,3 4 5 6 7 45,3x29 3x32 3x33 3x36 45x52 4x61 5x40 5x43 5x44 5x461 5x47 6x48 6x51 6x52 6x54 6x55 6x56 6x58 6x59 7x30 7x31 7x34 7x38
Peptide receptors,6B73,oprk_human,CVV,CHEMBL5431513,Agonist,pharmacological_orthosteric_ligand,X-RAY DIFFRACTION,4.2,3.5,2.2,11.4,0.86,26,22,2 3 5 6 7 23 45,23x50 2x56 2x59 2x60 3x28 3x29 3x32 3x33 3x36 45x50 45x51 5x40 5x43 6x48 6x51 6x52 6x55 7x34 7x38 7x41 7x42 7x46
Peptide receptors,6E59,nk1r_human,L76,L760735,Antagonist,pharmacological_orthosteric_ligand,X-RAY DIFFRACTION,4.7,4.1,2.3,11.3,0.67,26,21,2 3 4 5 6 7 45,2x58 2x62 3x28 3x29 3x32 3x33 3x36 45x52 4x61 5x36 5x40 5x43 5x44 5x461 6x48 6x51 6x52 6x55 6x56 6x59 7x42
Peptide receptors,6HLL,nk1r_human,GBK,CP 99994,Antagonist,pharmacological_orthosteric_ligand,X-RAY DIFFRACTION,4.1,3.6,1.9,11.3,0.83,26,18,2 3 4 5 6 7 45,2x61 3x29 3x32 3x33 3x36 45x52 4x61 5x39 5x40 5x43 5x44 5x461 6x48 6x51 6x52 6x55 7x38 7x42
Peptide receptors,6HLO,nk1r_human,GBQ,aprepitant,Antagonist,pharmacological_orthosteric_ligand,X-RAY DIFFRACTION,4.5,3.9,2.2,11.5,0.75,26,24,2 3 4 5 6 7 45,2x53 2x57 2x61 3x28 3x29 3x30 3x32 3x33 3x36 45x52 4x61 5x36 5x39 5x40 5x43 5x44 5x461 6x48 6x51 6x52 6x55 7x38 7x41 7x42
Peptide receptors,6HLP,nk1r_human,GAW,netupitant,Antagonist,pharmacological_orthosteric_ligand,X-RAY DIFFRACTION,5.1,4.7,1.8,11.4,0.76,26,25,2 3 4 5 6 7 45,2x53 2x57 2x61 3x28 3x29 3x30 3x32 3x33 3x36 45x52 4x61 5x39 5x40 5x43 5x44 5x461 6x48 6x51 6x52 6x55 6x58 6x59 7x38 7x41 7x42
Peptide receptors,6J20,nk1r_human,GBQ,aprepitant,Antagonist,pharmacological_orthosteric_ligand,X-RAY DIFFRACTION,4.5,4.0,2.1,11.5,0.79,26,24,2 3 4 5 6 7 45,2x53 2x57 2x61 3x28 3x29 3x32 3x33 3x36 45x52 4x61 5x36 5x39 5x40 5x43 5x44 5x461 6x48 6x51 6x52 6x55 7x34 7x38 7x41 7x42
Peptide receptors,6J21,nk1r_human,GBQ,aprepitant,Antagonist,pharmacological_orthosteric_ligand,X-RAY DIFFRACTION,4.6,4.0,2.2,11.3,0.76,26,25,2 3 4 5 6 7 45,2x53 2x57 2x61 3x28 3x29 3x30 3x32 3x33 3x36 45x52 4x61 5x36 5x39 5x40 5x43 5x44 5x461 6x48 6x51 6x52 6x55 7x34 7x38 7x41 7x42
Peptide receptors,6K1Q,ednrb_human,D2U,IRL 2500,Inverse agonist,pharmacological_orthosteric_ligand,X-RAY DIFFRACTION,4.0,1.7,3.6,11.4,0.69,26,26,2 3 4 5 6 7 23,23x50 2x50 2x53 2x60 2x63 3x25 3x28 3x29 3x32 3x33 3x35 3x36 3x39 4x65 5x43 5x461 6x48 6x51 6x52 6x55 7x34 7x38 7x41 7x42 7x45 7x46
Peptide receptors,6KO5,ghsr_human,8QX,CHEMBL1956994,Antagonist,pharmacological_orthosteric_ligand,X-RAY DIFFRACTION,5.9,5.8,1.1,11.3,0.8,26,25,2 3 4 5 6 7 45,2x60 2x63 2x64 3x28 3x29 3x32 3x33 3x37 45x50 45x51 45x52 4x61 4x64 4x65 5x36 5x39 5x40 5x43 6x51 6x55 6x58 7x37 7x38 7x41 7x42
Peptide receptors,6PT3,oprd_human,OWY,DPI-287,Agonist,pharmacological_orthosteric_ligand,X-RAY DIFFRACTION,3.1,2.9,1.1,11.6,0.79,26,19,2 3 5 6 7,2x53 3x32 3x33 3x35 3x36 3x39 5x40 5x43 6x48 6x51 6x52 6x54 6x55 6x58 7x34 7x38 7x41 7x42 7x46
Peptide receptors,6TO7,ox1r_human,SUV,suvorexant,Antagonist,pharmacological_orthosteric_ligand,X-RAY DIFFRACTION,4.4,3.4,2.7,11.3,0.86,26,22,2 3 4 5 6 7 23 45,23x50 2x56 2x59 2x60 2x63 3x28 3x29 3x32 3x33 3x36 45x52 4x61 4x65 5x40 5x43 6x48 6x51 6x52 6x55 7x38 7x41 7x42
Peptide receptors,6TOD,ox1r_human,7MA,EMPA,Antagonist,pharmacological_orthosteric_ligand,X-RAY DIFFRACTION,4.3,3.7,2.1,11.4,0.91,26,23,2 3 4 5 6 7 23 45,23x50 2x60 2x63 3x28 3x29 3x32 3x33 3x36 45x50 45x52 4x61 4x65 5x39 5x40 5x43 5x461 6x48 6x51 6x52 6x55 7x38 7x41 7x42
Peptide receptors,6TOS,ox1r_human,NRE,CHEMBL2413522,Antagonist,pharmacological_orthosteric_ligand,X-RAY DIFFRACTION,4.9,3.8,3.1,11.3,0.86,26,22,2 3 4 5 6 7 23 45,23x50 2x56 2x59 2x60 2x63 3x28 3x29 3x32 3x33 3x36 45x52 4x61 4x65 5x39 5x40 5x43 6x48 6x51 6x55 7x38 7x41 7x42
Peptide receptors,6TOT,ox1r_human,NRK,lemborexant,Antagonist,pharmacological_orthosteric_ligand,X-RAY DIFFRACTION,4.9,3.8,3.1,11.3,0.9,26,21,2 3 4 5 6 7 23 45,23x50 2x56 2x59 2x60 2x63 2x64 3x28 3x29 3x32 3x33 3x36 45x52 4x61 5x43 6x48 6x51 6x52 6x55 7x38 7x41 7x42
Peptide receptors,6TP3,ox1r_human,NS2,daridorexant,Antagonist,pharmacological_orthosteric_ligand,X-RAY DIFFRACTION,5.0,3.8,3.4,11.4,0.87,26,23,2 3 4 5 6 7 23 45,23x50 2x56 2x59 2x60 2x63 2x64 3x28 3x29 3x32 3x33 3x36 45x50 45x52 4x61 4x65 5x40 5x43 6x48 6x51 6x55 7x38 7x41 7x42
Peptide receptors,6TP4,ox1r_human,NRZ,ACT-462206,Antagonist,pharmacological_orthosteric_ligand,X-RAY DIFFRACTION,4.4,3.7,2.4,11.3,0.83,26,23,2 3 4 5 6 7 23 45,23x50 2x56 2x59 2x60 2x63 3x28 3x29 3x32 3x33 3x36 45x50 45x52 4x61 5x40 5x43 5x461 5x47 6x48 6x51 6x52 6x55 7x41 7x42
Peptide receptors,6TP6,ox1r_human,NT5,filorexant,Antagonist,pharmacological_orthosteric_ligand,X-RAY DIFFRACTION,4.3,3.2,2.9,11.2,0.9,26,21,2 3 4 5 6 7 23 45,23x50 2x56 2x59 2x60 2x63 3x28 3x29 3x32 3x33 3x36 45x52 4x61 5x40 5x43 6x48 6x51 6x52 6x55 7x38 7x41 7x42
Peptide receptors,6TPG,ox2r_human,7MA,EMPA,Antagonist,pharmacological_orthosteric_ligand,X-RAY DIFFRACTION,4.5,3.9,2.2,11.7,0.91,26,22,2 3 4 5 6 7 23 45,23x50 2x60 2x63 3x28 3x29 3x32 3x33 3x36 45x50 45x52 4x61 4x65 5x40 5x43 5x461 6x48 6x51 6x52 6x55 7x38 7x41 7x42
Peptide receptors,6TPJ,ox2r_human,SUV,suvorexant,Antagonist,pharmacological_orthosteric_ligand,X-RAY DIFFRACTION,4.5,3.6,2.8,11.3,0.86,26,21,2 3 4 5 6 7 23 45,23x50 2x56 2x59 2x60 2x63 3x28 3x29 3x32 3x33 3x36 45x52 4x61 4x65 5x40 5x43 6x48 6x51 6x55 7x38 7x41 7x42
Peptide receptors,6TPK,oxyr_human,NU2,retosiban,Antagonist,pharmacological_orthosteric_ligand,X-RAY DIFFRACTION,5.6,5.2,1.8,11.8,0.86,26,21,2 3 4 5 6 7 45,2x53 2x56 2x60 3x29 3x32 3x33 3x36 45x51 4x61 4x65 5x40 5x43 6x48 6x51 6x55 6x58 6x59 7x34 7x38 7x41 7x42
Peptide receptors,6TPN,ox2r_human,NU8,HTL6641,Antagonist,pharmacological_orthosteric_ligand,X-RAY DIFFRACTION,4.2,3.7,2.0,11.5,0.86,26,22,2 3 4 5 6 7 23 45,23x50 2x56 2x60 3x28 3x29 3x32 3x33 3x36 45x50 45x52 4x61 4x65 5x40 5x43 5x461 6x48 6x51 6x52 6x55 7x38 7x41 7x42
Peptide receptors,6TQ4,ox1r_human,NV8,CHEMBL4590386,Antagonist,pharmacological_orthosteric_ligand,X-RAY DIFFRACTION,4.4,3.6,2.5,11.2,0.9,26,21,2 3 4 5 6 7 23 45,23x50 2x56 2x59 2x60 2x63 3x28 3x29 3x32 3x33 3x36 45x52 4x61 5x39 5x40 5x43 6x48 6x51 6x52 6x55 7x41 7x42
Peptide receptors,6TQ6,ox1r_human,NVH,CHEMBL4592653,Antagonist,pharmacological_orthosteric_ligand,X-RAY DIFFRACTION,4.3,3.6,2.2,11.3,0.83,26,23,2 3 4 5 6 7 23 45,23x50 2x56 2x59 2x60 3x28 3x29 3x32 3x33 3x36 45x52 4x61 4x65 5x39 5x40 5x43 5x461 6x48 6x51 6x52 6x55 7x38 7x41 7x42
Peptide receptors,6TQ7,ox1r_human,NVK,SB-334867,Antagonist,pharmacological_orthosteric_ligand,X-RAY DIFFRACTION,5.6,3.9,4.0,11.7,0.72,26,29,1 2 3 4 5 6 7 23 45,1x39 23x50 2x56 2x59 2x60 2x63 2x64 3x28 3x29 3x32 3x33 3x36 45x50 45x52 4x57 4x61 4x65 5x40 5x43 5x44 5x461 5x47 6x48 6x51 6x52 6x55 7x38 7x41 7x42
Peptide receptors,6TQ9,ox1r_human,NVN,SB-408124,Antagonist,pharmacological_orthosteric_ligand,X-RAY DIFFRACTION,6.0,4.4,4.0,11.8,0.73,26,30,2 3 4 5 6 7 23 45,23x50 2x56 2x57 2x59 2x60 2x63 2x64 3x28 3x29 3x32 3x33 3x36 45x50 45x51 4x57 4x61 4x65 5x39 5x40 5x43 5x44 5x461 5x47 6x48 6x51 6x52 6x55 7x38 7x41 7x42
Peptide receptors,6V9S,ox1r_human,JHC,JH112,Antagonist,pharmacological_orthosteric_ligand,X-RAY DIFFRACTION,4.7,4.0,2.6,11.3,0.83,26,23,2 3 4 5 6 7 23 45,23x50 2x56 2x59 2x60 2x63 3x28 3x29 3x32 3x33 3x36 45x52 4x61 4x65 5x40 5x43 6x48 6x51 6x52 6x55 6x59 7x38 7x41 7x42
Peptide receptors,6VI4,oprk_human,JDC,JDTic,Antagonist,pharmacological_orthosteric_ligand,X-RAY DIFFRACTION,4.7,3.2,3.5,11.9,0.87,26,23,2 3 5 6 7 23 45,23x50 2x53 2x56 2x60 2x63 3x28 3x29 3x32 3x33 3x35 3x36 45x50 5x40 5x43 6x48 6x51 6x52 6x55 7x34 7x38 7x41 7x42 7x46
Peptide receptors,7BR3,gnrhr_human,F5O,elagolix,Antagonist,pharmacological_orthosteric_ligand,X-RAY DIFFRACTION,6.6,5.8,3.1,11.6,0.65,26,20,2 3 5 6 7,2x59 2x60 2x64 3x32 3x33 3x36 5x40 5x43 5x44 5x461 6x50 6x51 6x52 6x54 6x55 6x58 7x33 7x34 7x37 7x38
Peptide receptors,7DDZ,npy2r_human,H46,CHEMBL1823578,Antagonist,pharmacological_orthosteric_ligand,X-RAY DIFFRACTION,4.4,3.6,2.5,11.6,0.72,26,29,1 2 3 4 5 6 7 23 45,1x39 23x50 2x59 2x60 2x63 2x64 3x28 3x29 3x32 3x33 3x36 3x37 45x50 4x61 4x65 5x39 5x40 5x43 5x44 5x461 5x47 6x48 6x51 6x52 6x55 7x34 7x35 7x38 7x42
Peptide receptors,7F58,mc4r_human,1I8,THIQ,Agonist,pharmacological_orthosteric_ligand,ELECTRON MICROSCOPY,8.1,7.8,2.0,11.3,0.65,26,23,1 2 3 4 5 6 7,1x39 2x57 2x60 2x61 2x64 3x25 3x29 3x32 3x33 3x36 4x60 4x61 4x64 5x39 5x40 5x43 6x51 6x54 6x55 6x58 7x34 7x35 7x38
Peptide receptors,7F83,ghsr_human,1KQ,PF-05190457,Inverse agonist,pharmacological_orthosteric_ligand,X-RAY DIFFRACTION,6.5,3.2,5.6,12.1,0.52,26,27,2 3 6 7 23 45,23x49 23x50 2x56 2x59 2x60 2x62 2x63 2x67 3x21 3x24 3x25 3x28 3x29 3x32 3x36 45x50 6x44 6x47 6x48 6x51 7x34 7x37 7x38 7x40 7x41 7x42 7x45
Peptide receptors,7F8U,cckar_human,1OE,lintitript,Antagonist,pharmacological_orthosteric_ligand,X-RAY DIFFRACTION,7.3,6.9,2.4,11.6,0.93,26,15,2 3 4 6 7 45,2x60 3x29 3x32 3x33 3x36 45x51 4x61 6x48 6x51 6x52 6x54 6x55 6x58 7x34 7x38
Peptide receptors,7F8Y,cckar_human,1OZ,DEVAZEPIDE,Antagonist,pharmacological_orthosteric_ligand,X-RAY DIFFRACTION,7.1,6.9,1.8,11.6,0.89,26,18,2 3 4 6 7 45,2x59 2x60 3x28 3x29 3x32 3x33 45x50 45x51 45x52 4x61 6x51 6x52 6x54 6x55 6x58 7x34 7x38 7x42
Peptide receptors,7JNI,agtr2_human,VFD,olodanrigan,Antagonist,pharmacological_orthosteric_ligand,X-RAY DIFFRACTION,4.6,3.7,2.8,11.2,0.73,26,22,1 2 3 4 5 6 7 23 45,1x39 23x50 2x60 2x63 2x64 3x29 3x32 3x33 3x36 3x37 3x40 45x50 4x65 5x43 5x461 6x48 6x51 6x52 7x37 7x38 7x41 7x42
Peptide receptors,7L1V,ox2r_human,XGD,compound 1 [PMID: 33547286],Agonist,pharmacological_orthosteric_ligand,ELECTRON MICROSCOPY,7.5,6.4,3.8,11.3,0.69,26,29,2 3 4 5 6 7 23 45,23x49 23x50 2x56 2x59 2x60 2x63 2x64 2x67 3x28 3x29 3x32 3x33 3x36 45x50 45x51 4x61 4x65 5x43 5x461 6x51 6x52 6x55 6x59 7x31 7x34 7x35 7x38 7x41 7x42
Peptide receptors,7NA8,ghsr_human,1KD,ibutamoren,Agonist,pharmacological_orthosteric_ligand,ELECTRON MICROSCOPY,6.8,6.7,0.8,11.4,0.73,26,26,2 3 4 5 6 7 45,2x60 2x63 2x64 3x28 3x29 3x32 3x33 3x37 45x50 45x52 4x61 4x64 4x65 5x36 5x39 5x40 5x43 6x51 6x55 6x58 7x30 7x31 7x34 7x35 7x38 7x41
Peptide receptors,7SBF,oprm_mouse,8QY,N-[(2S)-2-(dimethylamino)-3-(4-hydroxyphenyl)propyl]-N'-[(2S)-1-(thiophen-3-yl)propan-2-yl]urea,Agonist,pharmacological_orthosteric_ligand,ELECTRON MICROSCOPY,4.7,3.9,2.6,11.5,0.89,26,19,2 3 5 6 7 23,23x50 2x56 2x59 2x60 2x63 3x28 3x29 3x32 3x33 3x36 5x40 5x43 6x48 6x51 6x52 6x55 7x34 7x38 7x42
Peptide receptors,7SCG,oprm_mouse,8RI,(2E)-N-[(2S)-2-(dimethylamino)-3-(4-hydroxyphenyl)propyl]-3-(naphthalen-1-yl)prop-2-enamide,Agonist,pharmacological_orthosteric_ligand,ELECTRON MICROSCOPY,5.7,4.7,3.2,11.9,0.94,26,18,2 3 5 6 7 23 45,23x50 2x56 2x60 2x63 3x28 3x29 3x32 3x33 3x36 45x50 5x40 5x43 6x48 6x51 6x52 6x55 7x38 7x42
Peptide receptors,7SQO,ox2r_human,A6F,"methyl (2R,3S)-3-[(methanesulfonyl)amino]-2-({[(1s,4S)-4-phenylcyclohexyl]oxy}methyl)piperidine-1-carboxylate",Agonist,pharmacological_orthosteric_ligand,ELECTRON MICROSCOPY,4.3,3.7,2.1,11.3,0.81,26,21,2 3 4 5 6 7 23 45,23x50 2x56 2x59 2x60 2x63 3x29 3x32 3x33 3x36 45x50 4x61 5x43 5x461 6x48 6x51 6x52 6x55 6x58 6x59 7x38 7x42
Peptide receptors,7SR8,ox2r_human,A6F,"methyl (2R,3S)-3-[(methanesulfonyl)amino]-2-({[(1s,4S)-4-phenylcyclohexyl]oxy}methyl)piperidine-1-carboxylate",Agonist,pharmacological_orthosteric_ligand,ELECTRON MICROSCOPY,4.6,3.6,2.9,11.9,0.9,26,21,2 3 4 5 6 7 23 45,23x50 2x56 2x59 2x60 2x63 3x28 3x29 3x32 3x33 3x36 45x50 4x61 5x43 6x48 6x51 6x52 6x55 7x34 7x38 7x41 7x42
Peptide receptors,7SUS,apj_human,8EH,"(1R,2S)-N-[4-(2,6-dimethoxyphenyl)-5-(6-methylpyridin-2-yl)-1,2,4-triazol-3-yl]-1-(5-methylpyrimidin-2-yl)-1-oxidanyl-propane-2-sulfonamide",Agonist,pharmacological_orthosteric_ligand,X-RAY DIFFRACTION,6.8,6.7,1.2,11.4,0.74,26,23,2 3 4 5 6 7 45,2x53 2x60 2x63 3x29 3x32 3x33 3x36 45x50 45x52 4x65 5x36 6x48 6x51 6x54 6x55 6x58 6x59 7x30 7x31 7x34 7x38 7x41 7x42
Peptide receptors,7T2G,oprm_mouse,EIG,CHEMBL58362,Agonist,pharmacological_orthosteric_ligand,ELECTRON MICROSCOPY,4.9,3.7,3.2,11.2,0.83,26,18,1 2 3 5 6 7,1x39 2x57 2x60 2x64 3x29 3x32 3x33 3x36 5x43 6x48 6x51 6x52 6x55 7x34 7x35 7x38 7x41 7x42
Peptide receptors,7T2H,oprm_mouse,EID,LOFENTANIL,Agonist,pharmacological_orthosteric_ligand,ELECTRON MICROSCOPY,4.4,3.6,2.5,11.6,1.0,26,18,2 3 5 6 7 23 45,23x50 2x60 2x63 3x28 3x29 3x32 3x33 3x36 45x50 5x43 6x48 6x51 6x52 6x55 7x34 7x38 7x41 7x42
Peptide receptors,7T6S,fpr2_human,FUI,"N-(4-chlorophenyl)-N'-[1-methyl-3-oxo-2-phenyl-5-(propan-2-yl)-2,3-dihydro-1H-pyrazol-4-yl]urea",Agonist,pharmacological_orthosteric_ligand,ELECTRON MICROSCOPY,4.2,4.0,0.9,11.4,0.81,26,16,2 3 5 6 7,2x60 3x29 3x32 3x33 3x36 3x37 3x40 5x39 5x43 5x461 6x48 6x51 6x52 6x55 7x34 7x42
Peptide receptors,7U2K,oprm_mouse,KZR,CHEMBL147044,Agonist,pharmacological_orthosteric_ligand,ELECTRON MICROSCOPY,3.9,2.3,3.2,11.8,0.75,26,24,2 3 5 6 7 23 45,23x50 2x49 2x50 2x53 2x60 2x63 3x28 3x29 3x32 3x33 3x35 3x36 3x39 45x50 5x43 6x48 6x51 6x52 6x55 7x38 7x41 7x42 7x45 7x46
Peptide receptors,7U2L,oprm_mouse,L0X,N-(5-carbamimidamidopentyl)-N-[1-(2-phenylethyl)piperidin-4-yl]propanamide,Agonist,pharmacological_orthosteric_ligand,ELECTRON MICROSCOPY,4.2,2.5,3.4,11.7,0.76,26,25,2 3 5 6 7 23 45,23x50 2x50 2x53 2x56 2x60 2x63 3x28 3x29 3x32 3x33 3x35 3x36 3x39 45x50 5x43 6x48 6x51 6x52 6x55 7x34 7x38 7x41 7x42 7x45 7x46
Peptide receptors,7UL2,ntr1_human,Q6Q,meclinertant,Inverse agonist,pharmacological_orthosteric_ligand,ELECTRON MICROSCOPY,11.7,10.7,4.8,11.8,0.44,26,16,3 4 5 6 7 45,3x29 45x52 4x61 4x65 5x36 5x40 6x54 6x55 6x57 6x58 6x61 7x27 7x30 7x31 7x33 7x34
Peptide receptors,7UL4,oprm_mouse,NG0,alvimopan,Antagonist,pharmacological_orthosteric_ligand,ELECTRON MICROSCOPY,6.0,5.2,3.0,12.3,1.0,26,21,2 3 5 6 7 23 45,23x50 2x60 2x63 2x64 3x28 3x29 3x32 3x33 3x36 45x50 45x51 45x52 5x40 5x43 6x48 6x51 6x52 6x55 7x34 7x38 7x42
Peptide receptors,7W0L,apj_human,8EH,"(1R,2S)-N-[4-(2,6-dimethoxyphenyl)-5-(6-methylpyridin-2-yl)-1,2,4-triazol-3-yl]-1-(5-methylpyrimidin-2-yl)-1-oxidanyl-propane-2-sulfonamide",Agonist,pharmacological_orthosteric_ligand,ELECTRON MICROSCOPY,6.7,6.4,2.0,11.8,0.78,26,18,1 2 3 4 6 7 45,1x39 2x53 2x60 3x32 3x33 3x36 45x52 4x65 6x48 6x51 6x54 6x55 6x58 7x30 7x34 7x38 7x41 7x42
Peptide receptors,7W0M,apj_human,8EH,"(1R,2S)-N-[4-(2,6-dimethoxyphenyl)-5-(6-methylpyridin-2-yl)-1,2,4-triazol-3-yl]-1-(5-methylpyrimidin-2-yl)-1-oxidanyl-propane-2-sulfonamide",Agonist,pharmacological_orthosteric_ligand,ELECTRON MICROSCOPY,8.0,7.7,2.1,12.1,0.75,26,16,2 3 4 6 7 45,2x53 2x60 3x32 3x33 3x36 45x52 4x65 6x51 6x54 6x55 6x58 7x30 7x31 7x34 7x38 7x42
Peptide receptors,7W41,grpr_human,8B8,PD 176252,Antagonist,pharmacological_orthosteric_ligand,X-RAY DIFFRACTION,4.7,4.4,1.6,12.1,0.59,26,22,2 3 4 5 23 45,23x50 2x53 2x56 2x59 3x25 3x28 3x29 3x32 3x33 3x36 45x50 45x52 4x61 4x64 4x65 5x35 5x36 5x37 5x39 5x40 5x43 5x461
Peptide receptors,7WIG,ssr2_human,9FI,"~{N}-[(2~{R})-1-[[(1~{R},3~{S})-3-(aminomethyl)cyclohexyl]methylamino]-3-(1~{H}-indol-3-yl)-1-oxidanylidene-propan-2-yl]spiro[indene-1,4'-piperidine]-1'-carboxamide",Agonist,pharmacological_orthosteric_ligand,ELECTRON MICROSCOPY,7.2,6.9,2.0,11.8,0.74,26,23,2 3 4 5 6 7 45,2x53 2x60 3x29 3x32 3x36 3x37 45x51 45x52 4x61 5x36 5x39 5x43 6x51 6x52 6x54 6x55 6x58 7x27 7x30 7x31 7x34 7x38 7x42
Peptide receptors,7XMT,ssr4_human,I8B,J-2156,Agonist,pharmacological_orthosteric_ligand,ELECTRON MICROSCOPY,5.2,4.6,2.4,11.9,0.9,26,21,2 3 4 5 6 7 23 45,23x50 2x53 2x56 2x60 3x28 3x29 3x32 3x33 3x36 3x37 45x50 45x51 45x52 4x61 5x40 5x43 6x51 6x52 6x55 7x38 7x42
Peptide receptors,7XN9,ssr2_human,GI9,"L-054,522",Agonist,pharmacological_orthosteric_ligand,X-RAY DIFFRACTION,7.9,7.7,1.8,11.7,0.73,26,30,1 2 3 4 5 6 7 45,1x39 2x53 2x60 2x63 2x64 3x29 3x32 3x36 3x37 45x50 45x51 45x52 4x61 5x36 5x39 5x43 6x48 6x51 6x52 6x54 6x55 6x58 7x27 7x30 7x31 7x34 7x35 7x38 7x41 7x42
Peptide receptors,7XOV,cckar_human,IA1,SR146131,Agonist,pharmacological_orthosteric_ligand,ELECTRON MICROSCOPY,5.8,5.2,2.6,11.4,0.7,26,27,2 3 4 5 6 7 45,2x53 2x56 2x60 2x61 2x64 3x29 3x32 3x33 3x34 3x36 3x37 45x51 4x57 4x61 4x64 5x43 6x48 6x51 6x52 6x54 6x55 6x57 6x58 7x34 7x38 7x41 7x42
Peptide receptors,7XRR,ox2r_human,NRK,lemborexant,Antagonist,pharmacological_orthosteric_ligand,X-RAY DIFFRACTION,5.2,4.3,3.0,11.5,0.86,26,22,2 3 4 5 6 7 23 45,23x50 2x56 2x59 2x60 2x63 2x64 3x28 3x29 3x32 3x33 3x36 45x52 4x61 4x65 5x43 6x48 6x51 6x52 6x55 7x38 7x41 7x42
Peptide receptors,7YAC,ssr2_human,IUD,PALTUSOTINE,Agonist,pharmacological_orthosteric_ligand,ELECTRON MICROSCOPY,6.3,5.8,2.5,12.3,0.79,26,24,1 2 3 4 5 6 7 23 45,1x39 23x50 2x59 2x60 2x63 2x64 3x29 3x32 3x33 3x36 3x37 45x50 45x51 45x52 4x57 5x39 5x40 5x43 6x51 6x55 7x34 7x35 7x38 7x42
Peptide receptors,7YIT,oprk_human,IVB,nalfurafine,Agonist,pharmacological_orthosteric_ligand,X-RAY DIFFRACTION,3.9,3.6,1.6,11.6,0.95,26,22,2 3 5 6 7 23 45,23x50 2x53 2x60 3x28 3x29 3x32 3x33 3x36 45x50 45x51 5x39 5x40 5x43 6x48 6x51 6x52 6x55 7x34 7x38 7x41 7x42 7x46
Peptide receptors,7YK6,rl3r2_human,IYF,CHEMBL4522365,Agonist,pharmacological_orthosteric_ligand,ELECTRON MICROSCOPY,9.0,8.7,2.3,11.7,0.93,26,15,2 3 4 5 6 7 45,2x60 2x63 3x29 3x32 3x33 45x50 45x51 45x52 4x61 5x39 5x43 6x62 7x34 7x38 7x42
Peptide receptors,7YK7,rl3r2_human,IYM,DC591053,Agonist,pharmacological_orthosteric_ligand,ELECTRON MICROSCOPY,8.5,8.4,1.5,11.7,0.88,26,16,1 2 3 5 6 7 45,1x39 2x60 3x29 3x32 3x33 45x50 45x51 45x52 5x39 5x40 5x43 6x55 7x30 7x34 7x38 7x42
Peptide receptors,8DZP,oprk_human,U99,SALVINORIN B METHOXYMETHYL ETHER,Agonist,pharmacological_orthosteric_ligand,ELECTRON MICROSCOPY,4.6,3.7,2.7,11.8,0.9,26,21,2 3 5 6 7 23 45,23x50 2x53 2x56 2x60 3x25 3x28 3x29 3x32 3x33 3x36 45x50 45x51 5x43 6x48 6x51 6x52 6x55 7x34 7x38 7x41 7x42
Peptide receptors,8DZQ,oprk_human,U99,SALVINORIN B METHOXYMETHYL ETHER,Agonist,pharmacological_orthosteric_ligand,ELECTRON MICROSCOPY,4.8,4.4,2.1,11.7,0.91,26,22,2 3 5 6 7 23 45,23x50 2x53 2x60 3x25 3x28 3x29 3x32 3x33 3x36 45x50 45x51 5x40 5x43 5x44 6x48 6x51 6x52 6x55 7x34 7x38 7x41 7x42
Peptide receptors,8DZR,oprk_human,U9I,CHEMBL277863,Agonist,pharmacological_orthosteric_ligand,ELECTRON MICROSCOPY,3.9,3.1,2.2,11.8,0.86,26,21,2 3 5 6 7 23 45,23x50 2x53 2x56 2x59 2x60 2x63 3x28 3x29 3x32 3x33 3x36 45x50 5x43 6x48 6x51 6x52 6x55 6x56 7x34 7x38 7x42
Peptide receptors,8DZS,oprk_human,U9I,CHEMBL277863,Agonist,pharmacological_orthosteric_ligand,ELECTRON MICROSCOPY,4.4,3.1,3.1,11.8,0.9,26,20,2 3 5 6 7 23,23x50 2x53 2x56 2x59 2x60 2x63 3x28 3x29 3x32 3x33 3x36 5x43 6x48 6x51 6x52 6x55 7x34 7x38 7x41 7x42
Peptide receptors,8EF5,oprm_human,7V7,fentanyl,Agonist,pharmacological_orthosteric_ligand,ELECTRON MICROSCOPY,4.6,3.4,3.1,11.6,0.89,26,19,2 3 5 6 7 23 45,23x50 2x56 2x59 2x60 2x63 3x28 3x29 3x32 3x33 3x36 45x50 5x43 6x48 6x51 6x52 6x55 7x38 7x41 7x42
Peptide receptors,8EF6,oprm_human,MOI,morphine,Agonist,pharmacological_orthosteric_ligand,ELECTRON MICROSCOPY,2.9,2.9,0.4,11.7,1.0,26,12,3 5 6 7,3x32 3x33 3x36 5x40 5x43 6x48 6x51 6x52 6x55 7x34 7x38 7x42
Peptide receptors,8EFB,oprm_human,WH2,OLICERIDINE,Agonist,pharmacological_orthosteric_ligand,ELECTRON MICROSCOPY,4.3,3.5,2.4,11.9,0.95,26,19,2 3 5 6 7 23 45,23x50 2x60 2x63 3x28 3x29 3x32 3x33 3x36 45x50 5x43 6x48 6x51 6x52 6x55 7x34 7x37 7x38 7x41 7x42
Peptide receptors,8EFL,oprm_human,WH9,CHEMBL4452384,Agonist,pharmacological_orthosteric_ligand,ELECTRON MICROSCOPY,5.8,4.7,3.3,11.8,0.89,26,18,2 3 5 6 7 23 45,23x50 2x56 2x59 2x60 2x63 3x28 3x29 3x32 3x33 3x36 45x50 5x43 6x48 6x51 6x52 6x55 7x38 7x42
Peptide receptors,8EFO,oprm_human,8QY,PZM21,Agonist,pharmacological_orthosteric_ligand,ELECTRON MICROSCOPY,4.9,4.3,2.2,11.5,0.95,26,19,2 3 5 6 7 23 45,23x50 2x56 2x60 2x63 3x28 3x29 3x32 3x33 3x36 45x50 5x40 5x43 6x48 6x51 6x52 6x55 7x34 7x38 7x42
Peptide receptors,8IBU,mtlr_human,ERY,erythromycin,Agonist,pharmacological_orthosteric_ligand,ELECTRON MICROSCOPY,9.3,8.2,4.2,11.7,0.76,26,21,2 3 4 5 6 7 45,2x60 2x63 2x64 2x67 3x29 3x33 3x36 45x51 45x52 4x61 5x37 5x41 6x51 6x55 6x58 7x31 7x34 7x35 7x38 7x41 7x42
Peptide receptors,8S4D,apj_human,A1D5N,CMF-019,Agonist,pharmacological_orthosteric_ligand,X-RAY DIFFRACTION,5.8,5.8,0.8,11.4,0.68,26,22,1 2 3 4 5 6 7 45,1x39 2x53 2x57 2x60 3x29 3x32 3x33 3x36 45x52 4x65 5x36 6x48 6x51 6x54 6x55 6x58 7x30 7x31 7x34 7x38 7x41 7x42
Peptide receptors,8XIO,ssr1_human,A1D5D,"(2S)-N-[(4S)-6-amino-2,2,4-trimethylhexyl]-3-naphthalen-1-yl-2-[[2-phenylethyl(2-pyridin-2-ylethyl)carbamoyl]amino]propanamide",Agonist,pharmacological_orthosteric_ligand,ELECTRON MICROSCOPY,6.2,5.8,2.1,11.7,0.83,26,23,2 3 4 5 6 7 23 45,23x50 2x53 2x56 2x59 2x60 3x28 3x29 3x32 3x33 3x36 3x37 45x51 45x52 4x61 5x36 5x39 5x43 6x48 6x51 6x55 7x38 7x41 7x42
Peptide receptors,8XVJ,ednra_human,A1D5I,macitentan,Antagonist,pharmacological_orthosteric_ligand,ELECTRON MICROSCOPY,3.0,1.3,2.7,11.8,0.7,26,23,2 3 4 5 6 7 45,2x50 2x53 3x28 3x32 3x33 3x35 3x36 3x39 45x51 4x61 4x65 5x39 5x43 5x461 6x48 6x51 6x52 6x55 7x38 7x41 7x42 7x45 7x46
Peptide receptors,8XVK,ednra_human,A1D5J,ambrisentan,Antagonist,pharmacological_orthosteric_ligand,ELECTRON MICROSCOPY,3.7,3.2,1.8,11.9,0.89,26,18,3 4 5 6 7,3x28 3x29 3x32 3x33 3x36 4x61 4x65 5x39 5x40 5x43 5x461 6x48 6x51 6x52 6x55 7x38 7x41 7x42
Peptide receptors,8XVL,ednra_human,A1D5L,zibotentan,Antagonist,pharmacological_orthosteric_ligand,ELECTRON MICROSCOPY,4.8,3.7,3.0,11.9,0.86,26,22,2 3 4 5 6 7 23 45,23x50 2x53 2x63 3x25 3x28 3x29 3x32 3x33 3x36 45x50 4x61 4x65 5x40 5x43 5x461 6x48 6x51 6x52 6x55 7x38 7x41 7x42
Peptide receptors,8XZI,apj_human,A1D5N,CMF-019,Agonist,pharmacological_orthosteric_ligand,ELECTRON MICROSCOPY,6.4,6.1,1.9,11.2,0.67,26,21,1 2 3 4 5 6 7,1x39 2x53 2x57 2x60 3x29 3x32 3x33 3x36 4x65 5x36 6x48 6x51 6x54 6x55 6x58 7x30 7x31 7x34 7x38 7x41 7x42
Peptide receptors,8Y45,oprd_human,A1LXY,ADL5859,Agonist,pharmacological_orthosteric_ligand,ELECTRON MICROSCOPY,4.3,4.1,1.3,12.1,1.0,26,11,3 5 6 7,3x32 3x33 3x36 5x40 5x43 6x51 6x55 6x58 7x34 7x38 7x42
Peptide receptors,8Y53,brs3_human,A1D54,MK-5046,Agonist,pharmacological_orthosteric_ligand,ELECTRON MICROSCOPY,3.3,2.9,1.6,11.3,0.77,26,22,2 3 4 5 6 7 45,2x53 2x56 2x59 3x25 3x28 3x29 3x32 3x33 3x36 45x50 45x52 4x61 5x43 5x44 5x461 6x48 6x51 6x52 6x55 7x38 7x41 7x42
Peptide receptors,8YNS,mchr1_human,A1D6T,CHEMBL242004,Antagonist,pharmacological_orthosteric_ligand,ELECTRON MICROSCOPY,7.6,1.2,7.5,5.8,0.7,26,10,6 7,6x44 6x48 6x51 6x52 7x34 7x38 7x41 7x42 7x45 7x46
Peptide receptors,9BJK,oprm_mouse,A1APV,naloxone,Antagonist,pharmacological_orthosteric_ligand,ELECTRON MICROSCOPY,3.4,3.4,0.6,12.3,0.92,26,13,3 5 6 7,3x33 3x35 3x36 5x39 5x40 5x43 6x48 6x51 6x52 6x55 7x34 7x41 7x42
Peptide receptors,9BQJ,oprm_mouse,A1AQ2,N-[[3-(hydroxymethyl)phenyl]methyl]-N-[1-(2-phenylethyl)piperidin-4-yl]propanamide,Agonist,pharmacological_orthosteric_ligand,ELECTRON MICROSCOPY,4.2,2.9,3.0,12.0,1.0,26,19,2 3 5 6 7 23 45,23x50 2x53 2x60 2x63 3x28 3x29 3x32 3x33 3x36 45x50 5x43 6x48 6x51 6x52 6x55 7x34 7x38 7x41 7x42
Protein receptors,3ODU,cxcr4_human,ITD,isothiourea-1t,Antagonist,pharmacological_orthosteric_ligand,X-RAY DIFFRACTION,10.6,8.9,5.8,12.0,0.86,26,14,1 2 3 6 7 23 45,1x26 1x39 23x50 2x60 2x63 2x64 3x28 3x29 3x32 45x50 45x51 45x52 6x51 7x38
Protein receptors,3OE6,cxcr4_human,ITD,isothiourea-1t,Antagonist,pharmacological_orthosteric_ligand,X-RAY DIFFRACTION,10.7,8.7,6.2,12.2,0.93,26,14,1 2 3 6 7 23 45,1x31 1x39 23x50 2x60 2x63 2x64 3x28 3x29 3x32 45x50 45x51 6x51 7x35 7x38
Protein receptors,3OE8,cxcr4_human,ITD,isothiourea-1t,Antagonist,pharmacological_orthosteric_ligand,X-RAY DIFFRACTION,10.9,9.3,5.6,11.5,0.86,26,14,1 2 3 6 7 23 45,1x39 23x50 2x59 2x60 2x63 2x64 3x28 3x29 3x32 45x50 45x51 45x52 6x51 7x38
Protein receptors,3OE9,cxcr4_human,ITD,isothiourea-1t,Antagonist,pharmacological_orthosteric_ligand,X-RAY DIFFRACTION,11.0,9.6,5.4,12.5,0.85,26,13,1 2 3 7 23 45,1x32 1x39 23x50 2x60 2x63 2x64 3x28 3x29 3x32 45x50 45x51 45x52 7x38
Protein receptors,4MBS,ccr5_human,MRV,maraviroc,Antagonist,pharmacological_orthosteric_ligand,X-RAY DIFFRACTION,5.6,5.2,2.0,11.5,0.85,26,20,1 2 3 5 6 7,1x39 2x60 2x63 3x29 3x32 3x33 3x36 5x36 5x39 5x40 5x43 6x48 6x51 6x55 6x59 7x34 7x35 7x38 7x39 7x42
Protein receptors,5T1A,ccr2_human,73R,BMS-681,Antagonist,pharmacological_orthosteric_ligand,X-RAY DIFFRACTION,10.1,6.8,7.4,11.2,0.8,26,20,1 2 3 4 7 45,1x27 1x30 1x31 1x34 1x35 1x39 2x60 2x63 2x64 3x29 3x32 3x33 45x50 45x51 4x65 7x35 7x36 7x38 7x39 7x42
Protein receptors,6AKX,ccr5_human,A4R,CHEMBL4238063,Antagonist,pharmacological_orthosteric_ligand,X-RAY DIFFRACTION,5.5,5.0,2.4,11.4,0.84,26,19,1 2 3 5 6 7,1x39 2x60 2x63 3x29 3x32 3x33 3x36 5x36 5x39 5x40 5x43 6x48 6x51 6x55 6x59 7x34 7x38 7x39 7x42
Protein receptors,6AKY,ccr5_human,A4X,CCR5 antagonist 34,Antagonist,pharmacological_orthosteric_ligand,X-RAY DIFFRACTION,5.7,5.4,1.8,11.4,0.87,26,23,1 2 3 4 5 6 7 45,1x35 1x39 2x60 2x63 3x29 3x32 3x33 3x36 45x52 4x61 5x36 5x39 5x40 5x43 6x48 6x51 6x55 6x59 7x34 7x35 7x38 7x39 7x42
Protein receptors,6GPS,ccr2_human,F7N,MK-0812,Antagonist,pharmacological_orthosteric_ligand,X-RAY DIFFRACTION,9.9,6.9,7.0,11.3,0.8,26,20,1 2 3 4 7 45,1x27 1x30 1x31 1x34 1x35 1x39 2x60 2x63 2x64 3x29 3x32 3x33 45x50 45x51 4x65 7x35 7x36 7x38 7x39 7x42
Protein receptors,6GPX,ccr2_human,F7N,MK-0812,Antagonist,pharmacological_orthosteric_ligand,X-RAY DIFFRACTION,9.7,6.6,7.1,11.5,0.81,26,21,1 2 3 4 7 45,1x27 1x30 1x31 1x34 1x35 1x39 2x60 2x63 2x64 3x29 3x32 3x33 45x50 45x51 4x61 4x65 7x35 7x36 7x38 7x39 7x42
Protein receptors,7SK7,ackr3_human,GJ9,"(1R)-4-[7-(3-carboxypropoxy)-6-methylquinolin-8-yl]-1-{[2-(4-hydroxypiperidin-1-yl)-1,3-thiazol-4-yl]methyl}-1,4-diazepan-1-ium",Agonist (partial),pharmacological_orthosteric_ligand,ELECTRON MICROSCOPY,4.4,3.8,2.3,11.9,0.7,26,20,1 2 3 5 6 7 23,1x39 23x50 2x60 2x63 2x64 3x29 3x32 3x33 3x36 3x37 3x40 5x43 5x461 5x47 6x48 6x51 6x52 7x38 7x41 7x42
Protein receptors,7SK8,ackr3_human,GJ9,"(1R)-4-[7-(3-carboxypropoxy)-6-methylquinolin-8-yl]-1-{[2-(4-hydroxypiperidin-1-yl)-1,3-thiazol-4-yl]methyl}-1,4-diazepan-1-ium",Agonist (partial),pharmacological_orthosteric_ligand,ELECTRON MICROSCOPY,4.2,3.2,2.8,12.0,0.73,26,22,1 2 3 4 5 6 7 23 45,1x39 23x50 2x60 2x63 2x64 3x29 3x32 3x33 3x36 3x37 3x40 45x50 4x61 5x43 5x461 5x47 6x48 6x51 6x52 7x38 7x41 7x42
Protein receptors,7SK9,ackr3_human,GJ9,"(1R)-4-[7-(3-carboxypropoxy)-6-methylquinolin-8-yl]-1-{[2-(4-hydroxypiperidin-1-yl)-1,3-thiazol-4-yl]methyl}-1,4-diazepan-1-ium",Agonist (partial),pharmacological_orthosteric_ligand,ELECTRON MICROSCOPY,4.3,3.2,2.8,12.2,0.71,26,21,1 2 3 4 5 6 7,1x39 2x60 2x63 2x64 3x29 3x32 3x33 3x36 3x37 3x40 4x61 5x43 5x461 5x47 6x48 6x51 6x52 7x35 7x38 7x41 7x42
Protein receptors,8HNL,cxcr3_human,4AI,"(3S)-N-[(2S)-5-carbamimidamido-1-(cyclohexylmethylamino)-1-oxidanylidene-pentan-2-yl]-2-(4-oxidanylidene-4-phenyl-butanoyl)-3,4-dihydro-1H-isoquinoline-3-carboxamide",Agonist,pharmacological_orthosteric_ligand,ELECTRON MICROSCOPY,8.0,6.6,4.5,11.6,0.96,26,23,1 2 3 4 5 6 7 45,1x31 1x35 1x39 2x60 2x63 2x64 3x29 3x32 3x33 3x36 45x50 45x51 45x52 4x61 4x65 5x43 6x48 6x51 7x31 7x34 7x35 7x38 7x42
Protein receptors,8HNM,cxcr3_human,4IE,CHEMBL2220409,Agonist,pharmacological_orthosteric_ligand,ELECTRON MICROSCOPY,5.8,1.5,5.6,11.4,0.63,26,19,1 2 3 6 7,1x39 2x53 2x57 2x60 2x61 2x64 3x32 3x36 6x48 6x51 6x52 7x34 7x35 7x38 7x39 7x41 7x42 7x45 7x46
Protein receptors,8HNN,cxcr3_human,43I,CHEMBL1921858,Antagonist,pharmacological_orthosteric_ligand,ELECTRON MICROSCOPY,20.4,-17.7,10.2,12.0,0.06,26,16,3 5 6,3x36 3x40 5x461 5x47 5x50 5x51 5x54 5x55 5x58 5x62 6x38 6x41 6x42 6x44 6x45 6x49
Protein receptors,8K2W,cxcr3_human,FI6,CHEMBL397983,Agonist,pharmacological_orthosteric_ligand,ELECTRON MICROSCOPY,10.0,5.8,8.2,11.3,0.74,26,19,1 2 3 4 6 7 45,1x35 1x38 1x39 1x42 2x57 2x60 2x63 3x29 3x32 45x50 4x65 6x51 7x32 7x34 7x35 7x36 7x38 7x39 7x42
Protein receptors,8KFX,ccr8_human,OS9,CHEMBL5268017,Agonist,pharmacological_orthosteric_ligand,ELECTRON MICROSCOPY,6.9,5.8,3.7,11.7,0.59,26,22,1 2 3 4 5 6 7 23 45,1x39 23x50 2x56 2x57 2x60 3x28 3x29 3x32 3x33 45x50 4x65 5x40 6x50 6x51 6x54 6x55 6x58 7x33 7x34 7x37 7x38 7x42
Protein receptors,8KFY,ccr8_human,OXF,ZK 756326,Agonist,pharmacological_orthosteric_ligand,ELECTRON MICROSCOPY,7.6,6.4,4.1,11.7,0.76,26,21,1 2 3 4 5 6 7 23 45,1x39 23x50 2x56 2x60 3x25 3x28 3x29 3x32 3x33 45x50 45x52 4x61 4x65 5x36 5x39 5x40 5x43 6x51 6x55 7x38 7x42
Protein receptors,8U4P,cxcr4_human,VH6,plerixafor,Agonist,pharmacological_orthosteric_ligand,ELECTRON MICROSCOPY,10.1,9.5,3.1,11.8,0.65,26,17,1 2 3 5 6 7,1x39 2x60 3x29 3x32 5x36 5x40 6x51 6x58 6x61 6x62 7x27 7x30 7x31 7x34 7x35 7x38 7x42
Lipid receptors,3V2W,s1pr1_human,ML5,W146,Antagonist,pharmacological_orthosteric_ligand,X-RAY DIFFRACTION,5.9,5.1,3.0,10.9,0.73,26,22,2 3 5 6 7 23,23x47 23x50 2x57 2x60 2x64 3x25 3x28 3x29 3x32 3x33 3x36 5x40 5x43 5x44 5x47 6x48 6x51 6x52 6x55 7x35 7x38 7x42
Lipid receptors,3V2Y,s1pr1_human,ML5,W146,Antagonist,pharmacological_orthosteric_ligand,X-RAY DIFFRACTION,6.0,5.1,3.1,10.9,0.76,26,21,2 3 5 6 7 23,23x50 2x57 2x60 2x64 3x25 3x28 3x29 3x32 3x33 3x36 5x40 5x43 5x44 5x47 6x48 6x51 6x52 6x55 7x35 7x38 7x42
Lipid receptors,4Z34,lpar1_human,ON7,ONO-9780307,Antagonist,pharmacological_orthosteric_ligand,X-RAY DIFFRACTION,6.0,5.5,2.4,11.1,0.75,26,24,1 2 3 5 6 7 23,1x35 23x47 23x50 2x57 2x60 2x61 2x63 3x28 3x29 3x32 3x33 3x36 5x40 5x43 6x48 6x51 6x52 6x54 6x55 7x34 7x35 7x37 7x38 7x41
Lipid receptors,4Z35,lpar1_human,ON9,ONO-9910539,Antagonist,pharmacological_orthosteric_ligand,X-RAY DIFFRACTION,6.0,5.5,2.4,11.1,0.75,26,24,1 2 3 5 6 7 23,1x35 23x47 23x50 2x57 2x60 2x61 2x63 3x28 3x29 3x32 3x33 3x36 5x40 5x43 6x48 6x51 6x52 6x54 6x55 7x34 7x35 7x37 7x38 7x41
Lipid receptors,4Z36,lpar1_human,ON3,ONO-3080573,Antagonist,pharmacological_orthosteric_ligand,X-RAY DIFFRACTION,5.8,5.1,2.8,11.2,0.77,26,22,1 2 3 5 6 7 23,1x35 23x47 2x57 2x60 2x61 3x29 3x32 3x33 3x36 5x39 5x40 5x43 6x48 6x51 6x52 6x54 6x55 7x34 7x35 7x37 7x38 7x41
Lipid receptors,5TGZ,cnr1_human,ZDG,AM6538,Antagonist,pharmacological_orthosteric_ligand,X-RAY DIFFRACTION,6.7,3.6,5.7,11.4,0.76,26,25,1 2 3 5 6 7,1x35 1x39 2x50 2x53 2x54 2x56 2x57 2x60 2x61 2x65 3x29 3x32 3x33 3x35 5x40 5x43 6x48 6x51 7x34 7x35 7x38 7x39 7x41 7x42 7x46
Lipid receptors,5TZY,ffar1_human,MK6,MK-8666,Agonist,pharmacological_orthosteric_ligand,X-RAY DIFFRACTION,14.3,6.0,12.9,11.5,0.5,26,18,3 4 5 6 7 45,3x26 3x27 3x29 3x30 3x33 3x37 45x51 4x54 4x57 4x58 4x60 4x61 4x62 5x40 5x43 6x51 6x55 7x34
Lipid receptors,5U09,cnr1_human,7DY,taranabant,Inverse agonist,pharmacological_orthosteric_ligand,X-RAY DIFFRACTION,7.8,4.5,6.4,11.3,0.86,26,21,1 2 3 5 6 7,1x35 1x39 2x53 2x54 2x56 2x57 2x61 3x29 3x32 3x33 5x43 6x48 6x51 6x55 7x34 7x35 7x38 7x39 7x41 7x42 7x46
Lipid receptors,5X33,q9wtk1_cavpo,7Y9,BIIL 260,Antagonist,pharmacological_orthosteric_ligand,X-RAY DIFFRACTION,6.3,2.6,5.8,11.7,0.62,26,24,1 2 3 6 7,1x35 1x39 2x49 2x50 2x53 2x60 2x63 2x64 3x29 3x32 3x35 3x36 3x39 6x44 6x48 6x51 7x31 7x35 7x38 7x39 7x41 7x42 7x45 7x46
Lipid receptors,5XR8,cnr1_human,8D0,AM841,Agonist,pharmacological_orthosteric_ligand,X-RAY DIFFRACTION,6.2,5.5,2.9,11.6,0.84,26,19,2 3 5 6 7,2x57 2x60 2x61 2x64 2x65 3x25 3x28 3x29 3x32 3x33 3x36 5x39 5x40 5x43 6x51 6x55 7x34 7x38 7x41
Lipid receptors,5XRA,cnr1_human,8D3,AM11542,Agonist,pharmacological_orthosteric_ligand,X-RAY DIFFRACTION,6.0,5.4,2.8,11.4,0.84,26,19,2 3 5 6 7,2x57 2x60 2x61 2x64 2x65 3x25 3x28 3x29 3x32 3x33 3x36 5x39 5x40 5x43 6x51 6x55 7x34 7x38 7x41
Lipid receptors,5YHL,pe2r4_human,8VL,ONO-AE3-208-Br,Antagonist,pharmacological_orthosteric_ligand,X-RAY DIFFRACTION,12.0,1.9,11.8,11.7,0.62,26,13,1 2 3 7,1x38 1x39 1x42 2x57 2x61 2x65 3x32 7x35 7x38 7x39 7x40 7x42 7x43
Lipid receptors,5YWY,pe2r4_human,7UR,ONO-AE3-208,Antagonist,pharmacological_orthosteric_ligand,X-RAY DIFFRACTION,11.9,1.9,11.8,11.7,0.62,26,13,1 2 3 7,1x38 1x39 1x42 2x57 2x61 2x65 3x32 7x35 7x38 7x39 7x40 7x42 7x43
Lipid receptors,5ZKP,ptafr_human,9ER,foropafant,Antagonist,pharmacological_orthosteric_ligand,X-RAY DIFFRACTION,5.2,4.5,2.6,12.6,0.71,26,24,1 2 3 4 5 6 7 45,1x35 1x39 2x60 2x64 3x29 3x32 3x33 3x36 3x37 45x50 45x51 45x52 4x60 5x39 5x40 5x43 5x44 6x51 6x52 6x55 6x58 7x34 7x38 7x41
Lipid receptors,5ZKQ,ptafr_human,9EU,ABT-491,Inverse agonist,pharmacological_orthosteric_ligand,X-RAY DIFFRACTION,7.0,6.1,3.4,12.2,0.68,26,25,1 2 3 4 5 6 7 45,1x35 1x39 2x53 2x60 2x63 2x64 3x28 3x29 3x32 3x33 3x37 45x50 45x51 45x52 4x60 4x63 5x36 5x39 5x40 5x43 6x51 6x55 6x58 7x34 7x38
Lipid receptors,5ZTY,cnr2_human,9JU,AM10257,Antagonist,pharmacological_orthosteric_ligand,X-RAY DIFFRACTION,4.8,3.9,2.7,11.6,0.8,26,20,2 3 5 6 7,2x57 2x60 2x61 2x64 2x65 3x25 3x29 3x32 3x33 3x36 5x39 5x40 5x43 6x48 6x51 6x52 6x55 7x34 7x38 7x41
Lipid receptors,6AK3,pe2r3_human,P2E,PGE<sub>2</sub>,Agonist,pharmacological_orthosteric_ligand,X-RAY DIFFRACTION,8.3,0.0,8.3,11.3,0.64,26,25,1 2 3 5 6 7 45,1x39 1x42 1x43 2x50 2x53 2x54 2x57 2x58 2x61 2x65 3x28 3x32 3x35 3x36 45x51 5x43 6x48 6x51 7x35 7x38 7x39 7x41 7x42 7x46 7x47
Lipid receptors,6D26,pd2r2_human,FSY,fevipiprant,Antagonist,pharmacological_orthosteric_ligand,X-RAY DIFFRACTION,9.1,7.9,4.7,10.8,0.7,26,20,2 3 4 5 6 7 45,2x60 2x63 2x64 3x28 3x29 3x32 3x33 45x50 45x51 45x52 4x65 5x43 6x51 6x55 6x58 7x31 7x34 7x35 7x38 7x42
Lipid receptors,6D27,pd2r2_human,FT4,CHEMBL179036,Antagonist,pharmacological_orthosteric_ligand,X-RAY DIFFRACTION,9.5,8.5,4.1,10.9,0.63,26,19,2 3 4 5 6 7 45,2x60 2x63 3x28 3x29 3x32 3x33 45x50 45x51 45x52 4x65 5x43 6x51 6x58 7x30 7x31 7x34 7x35 7x38 7x42
Lipid receptors,6IIU,ta2r_human,A8X,ramatroban,Antagonist,pharmacological_orthosteric_ligand,X-RAY DIFFRACTION,8.7,0.3,8.7,10.9,0.58,26,24,1 2 3 5 6 7 45,1x38 1x39 1x42 1x43 2x50 2x53 2x54 2x57 2x58 2x61 2x65 3x31 3x32 3x35 3x36 45x51 5x43 6x48 7x35 7x38 7x39 7x41 7x42 7x46
Lipid receptors,6IIV,ta2r_human,A90,daltroban,Antagonist,pharmacological_orthosteric_ligand,X-RAY DIFFRACTION,7.4,0.5,7.4,10.8,0.75,26,20,2 3 5 6 7 45,2x50 2x53 2x54 2x57 2x61 2x65 3x28 3x32 3x35 3x36 45x51 5x43 6x48 6x51 7x35 7x38 7x39 7x41 7x42 7x46
Lipid receptors,6KPC,cnr2_human,E3R,AM12033,Agonist,pharmacological_orthosteric_ligand,X-RAY DIFFRACTION,5.9,5.1,2.9,11.3,0.85,26,20,2 3 5 6 7,2x57 2x60 2x61 2x64 2x65 3x25 3x28 3x29 3x32 3x33 3x36 5x39 5x40 5x43 6x48 6x51 6x55 7x34 7x38 7x41
Lipid receptors,6KPF,cnr2_human,E3R,AM12033,Agonist,pharmacological_orthosteric_ligand,ELECTRON MICROSCOPY,6.0,5.6,2.1,11.1,0.85,26,20,2 3 5 6 7,2x57 2x60 2x61 2x64 2x65 3x25 3x28 3x29 3x32 3x33 3x36 5x39 5x40 5x43 6x48 6x51 6x55 7x34 7x38 7x41
Lipid receptors,6KPG,cnr1_human,8D0,AM841,Agonist,pharmacological_orthosteric_ligand,ELECTRON MICROSCOPY,6.1,5.8,1.8,11.2,0.75,26,20,2 3 4 5 6 7,2x57 2x60 2x61 2x64 2x65 3x25 3x29 3x32 3x33 3x36 4x57 4x60 5x39 5x40 5x43 6x51 6x55 7x34 7x38 7x41
Lipid receptors,6KQI,cnr1_human,9GF,CP55940,Agonist,pharmacological_orthosteric_ligand,X-RAY DIFFRACTION,6.5,5.9,2.7,11.3,0.85,26,20,2 3 5 6 7,2x57 2x60 2x61 2x64 2x65 3x25 3x28 3x29 3x32 3x33 5x39 5x40 5x43 6x48 6x51 6x55 7x34 7x35 7x38 7x41
Lipid receptors,6M9T,pe2r3_human,J9P,Misoprostol-FA,Agonist,pharmacological_orthosteric_ligand,X-RAY DIFFRACTION,8.2,-0.2,8.2,11.2,0.6,26,25,1 2 3 6 7 45,1x38 1x39 1x42 1x43 2x53 2x54 2x57 2x58 2x61 2x65 3x28 3x31 3x32 3x35 3x36 45x51 6x48 6x51 7x35 7x38 7x39 7x41 7x42 7x46 7x47
Lipid receptors,6N4B,cnr1_human,KCA,MDMB-Fubinaca,Agonist,pharmacological_orthosteric_ligand,ELECTRON MICROSCOPY,5.9,5.4,2.3,11.3,0.89,26,19,2 3 5 6 7,2x57 2x60 2x61 2x64 2x65 3x28 3x29 3x32 3x33 3x36 5x39 5x40 5x43 6x48 6x51 6x55 7x34 7x38 7x41
Lipid receptors,6PT0,cnr2_human,WI5,WIN55212-2,Agonist,pharmacological_orthosteric_ligand,ELECTRON MICROSCOPY,5.7,5.2,2.4,11.5,0.8,26,20,2 3 4 5 6 7,2x57 2x60 2x61 2x64 2x65 3x25 3x29 3x32 3x33 3x36 4x60 5x39 5x40 5x43 6x48 6x51 6x55 7x34 7x38 7x41
Lipid receptors,6RZ4,cltr1_human,KNT,pranlukast,Antagonist,pharmacological_orthosteric_ligand,X-RAY DIFFRACTION,6.3,5.0,3.7,11.6,0.48,26,27,2 3 4 5 6 7 45,2x60 3x29 3x32 3x33 3x37 3x41 45x51 45x52 4x52 4x53 4x56 4x57 4x61 5x36 5x39 5x40 5x42 5x43 5x46 5x461 6x51 6x55 6x58 6x59 6x62 7x34 7x38
Lipid receptors,6RZ5,cltr1_human,ZLK,zafirlukast,Antagonist,pharmacological_orthosteric_ligand,X-RAY DIFFRACTION,6.9,4.3,5.4,11.6,0.38,26,24,3 4 5 6 7 45,3x33 3x37 3x41 45x52 4x52 4x53 4x56 4x57 4x60 4x61 5x36 5x39 5x40 5x43 5x46 5x461 6x51 6x54 6x55 6x58 6x59 7x34 7x37 7x38
Lipid receptors,6RZ6,cltr2_human,KNW,ONO-2570366,Antagonist,pharmacological_orthosteric_ligand,X-RAY DIFFRACTION,6.0,4.6,3.9,11.6,0.48,26,29,1 2 3 4 5 6 7 45,1x28 1x31 1x35 2x64 3x29 3x32 3x33 3x37 3x41 45x51 45x52 4x53 4x56 4x57 4x61 5x36 5x39 5x40 5x42 5x43 5x46 5x461 6x55 6x58 6x59 7x31 7x34 7x35 7x38
Lipid receptors,6RZ7,cltr2_human,KNW,ONO-2570366,Antagonist,pharmacological_orthosteric_ligand,X-RAY DIFFRACTION,6.1,4.7,3.8,11.5,0.46,26,28,1 2 3 4 5 6 7 45,1x31 1x35 2x64 3x29 3x33 3x37 3x41 45x50 45x51 45x52 4x53 4x56 4x57 4x61 5x36 5x39 5x40 5x42 5x43 5x46 5x461 6x55 6x58 6x59 7x31 7x34 7x35 7x38
Lipid receptors,6RZ8,cltr2_human,KNZ,ONO-2080365,Antagonist,pharmacological_orthosteric_ligand,X-RAY DIFFRACTION,6.0,4.6,3.9,11.7,0.5,26,28,1 2 3 4 5 6 7 45,1x31 1x35 2x64 3x29 3x32 3x33 3x37 3x41 45x51 45x52 4x52 4x53 4x56 4x57 4x61 5x36 5x39 5x40 5x43 5x46 5x461 6x55 6x58 6x59 7x31 7x34 7x35 7x38
Lipid receptors,6RZ9,cltr2_human,KO5,ONO-2770372,Antagonist,pharmacological_orthosteric_ligand,X-RAY DIFFRACTION,6.1,4.7,4.0,11.6,0.48,26,27,1 2 3 4 5 6 7 45,1x31 1x35 2x64 3x29 3x33 3x37 3x41 45x51 45x52 4x53 4x56 4x57 4x61 5x36 5x39 5x40 5x42 5x43 5x46 5x461 6x55 6x58 6x59 7x31 7x34 7x35 7x38
Lipid receptors,7C4S,s1pr3_human,S1P,sphingosine 1-phosphate,Agonist,pharmacological_orthosteric_ligand,X-RAY DIFFRACTION,5.9,5.1,3.0,11.3,0.64,26,22,2 3 4 5 6 7 23,23x47 23x50 2x60 2x64 3x28 3x29 3x32 3x33 3x36 3x37 3x40 4x56 5x43 5x46 5x47 5x50 6x48 6x51 6x52 6x55 7x35 7x38
Lipid receptors,7CX2,pe2r2_human,P2E,PGE<sub>2</sub>,Agonist,pharmacological_orthosteric_ligand,ELECTRON MICROSCOPY,8.6,-0.6,8.6,11.5,0.52,26,23,1 2 3 7,1x39 1x42 1x43 2x53 2x54 2x57 2x58 2x61 2x65 3x28 3x32 3x35 3x36 3x39 3x40 7x35 7x38 7x39 7x41 7x42 7x45 7x46 7x47
Lipid receptors,7CX3,pe2r2_human,GNO,taprenepag,Agonist,pharmacological_orthosteric_ligand,ELECTRON MICROSCOPY,9.5,-0.3,9.5,11.1,0.46,26,24,1 2 3 7,1x39 1x42 1x43 1x46 2x49 2x50 2x53 2x54 2x57 2x58 2x61 2x65 3x28 3x32 3x35 3x36 3x39 7x35 7x38 7x39 7x42 7x43 7x46 7x47
Lipid receptors,7CX4,pe2r2_human,GM9,evatanepag,Agonist,pharmacological_orthosteric_ligand,ELECTRON MICROSCOPY,9.2,-0.3,9.2,11.0,0.48,26,23,1 2 3 7,1x39 1x42 1x43 1x46 2x50 2x53 2x54 2x57 2x58 2x61 2x65 3x32 3x35 3x36 3x39 7x35 7x38 7x39 7x41 7x42 7x43 7x46 7x47
Lipid receptors,7D7M,pe2r4_human,P2E,PGE<sub>2</sub>,Agonist,pharmacological_orthosteric_ligand,ELECTRON MICROSCOPY,9.3,0.0,9.3,11.8,0.62,26,21,1 2 3 6 7,1x35 1x39 1x42 1x43 2x53 2x54 2x57 2x58 2x61 2x65 3x32 3x35 3x36 6x51 7x35 7x38 7x39 7x41 7x42 7x46 7x47
Lipid receptors,7EO2,s1pr1_human,J89,(S)-FTY720-phosphate,Agonist,pharmacological_orthosteric_ligand,ELECTRON MICROSCOPY,6.5,6.2,2.0,11.2,0.7,26,20,2 3 5 6 7 23,23x47 23x50 2x60 2x64 3x25 3x28 3x29 3x32 3x33 3x36 3x37 3x40 5x43 5x46 5x47 6x48 6x51 6x55 7x35 7x38
Lipid receptors,7EO4,s1pr1_human,J8C,siponimod,Agonist,pharmacological_orthosteric_ligand,ELECTRON MICROSCOPY,4.1,3.7,1.7,11.2,0.68,26,25,2 3 5 6 7 23,23x47 23x50 2x60 2x64 3x28 3x29 3x32 3x33 3x36 3x37 3x40 3x41 5x40 5x43 5x44 5x46 5x47 5x50 6x48 6x51 6x52 6x55 7x34 7x35 7x38
Lipid receptors,7EVY,s1pr1_human,J8C,siponimod,Agonist,pharmacological_orthosteric_ligand,ELECTRON MICROSCOPY,4.0,3.8,1.2,11.4,0.67,26,24,2 3 5 6 7 23,23x50 2x60 2x64 3x25 3x28 3x29 3x32 3x33 3x36 3x37 3x40 3x41 5x43 5x44 5x46 5x47 5x50 6x48 6x51 6x52 6x55 7x34 7x35 7x38
Lipid receptors,7EVZ,s1pr1_human,JER,cenerimod,Agonist,pharmacological_orthosteric_ligand,ELECTRON MICROSCOPY,3.4,3.2,1.0,11.3,0.68,26,22,2 3 4 5 6 7,2x60 2x64 3x29 3x32 3x33 3x36 3x37 3x40 3x41 4x56 5x43 5x46 5x47 5x50 6x48 6x51 6x52 6x54 6x55 7x34 7x35 7x38
Lipid receptors,7EW0,s1pr1_human,JEU,ozanimod,Agonist,pharmacological_orthosteric_ligand,ELECTRON MICROSCOPY,3.4,3.1,1.5,11.5,0.74,26,19,2 3 5 6 7,2x60 3x29 3x32 3x33 3x36 3x37 3x40 5x40 5x43 5x44 5x46 5x47 5x50 6x48 6x51 6x55 7x34 7x35 7x38
Lipid receptors,7EW1,s1pr5_human,J8C,siponimod,Agonist,pharmacological_orthosteric_ligand,ELECTRON MICROSCOPY,4.4,3.9,2.2,11.5,0.71,26,21,2 3 5 6 7 23,23x501 2x60 2x64 3x25 3x28 3x29 3x32 3x33 3x36 3x37 3x40 3x41 5x43 5x44 5x46 5x47 6x48 6x51 6x55 7x34 7x38
Lipid receptors,7EW2,s1pr3_human,J89,(S)-FTY720-phosphate,Agonist,pharmacological_orthosteric_ligand,ELECTRON MICROSCOPY,7.1,6.4,3.2,11.4,0.74,26,19,2 3 5 6 7 23,23x47 23x50 2x57 2x60 2x64 3x25 3x28 3x29 3x32 3x33 3x36 3x37 3x40 5x43 6x48 6x51 6x52 6x55 7x38
Lipid receptors,7EW3,s1pr3_human,S1P,Sphingosine 1-phosphate,Agonist,pharmacological_orthosteric_ligand,ELECTRON MICROSCOPY,6.2,5.7,2.5,11.7,0.62,26,21,2 3 4 5 6 7 23,23x47 23x50 2x60 2x64 3x25 3x28 3x29 3x32 3x33 3x36 3x37 4x56 5x43 5x46 5x47 5x50 6x48 6x51 6x52 6x55 7x38
Lipid receptors,7EW4,s1pr3_human,JF9,CYM-5541,Agonist,pharmacological_orthosteric_ligand,ELECTRON MICROSCOPY,3.7,-0.2,3.7,11.5,0.56,26,16,3 4 5 6 7,3x32 3x33 3x36 3x37 3x40 4x56 5x43 5x44 5x46 5x47 5x50 6x48 6x51 6x52 6x55 7x38
Lipid receptors,7EW7,s1pr1_human,JEX,SEW2871,Agonist,pharmacological_orthosteric_ligand,ELECTRON MICROSCOPY,3.0,2.5,1.7,11.4,0.69,26,16,2 3 5 6 7,2x60 3x29 3x32 3x33 3x36 3x37 3x40 5x43 5x44 5x46 5x47 6x48 6x51 6x52 6x55 7x38
Lipid receptors,7FEE,cnr1_human,9GF,CP55940,Agonist,pharmacological_orthosteric_ligand,X-RAY DIFFRACTION,6.5,5.9,2.8,11.3,0.83,26,18,2 3 5 6 7,2x57 2x60 2x61 2x64 2x65 3x25 3x29 3x32 3x33 5x39 5x43 6x48 6x51 6x55 7x34 7x35 7x38 7x41
Lipid receptors,7K15,lt4r1_human,VRJ,"N-(tert-butylsulfonyl)-4-fluoro-2-{(3S,4R)-4-hydroxy-3-[(pyridin-2-yl)methyl]-3,4-dihydro-2H-1-benzopyran-7-yl}benzamide",Antagonist,pharmacological_orthosteric_ligand,X-RAY DIFFRACTION,7.0,5.7,4.0,11.5,0.81,26,21,1 2 3 4 5 6 7 45,1x39 2x53 2x60 2x63 2x64 3x29 3x32 3x33 3x36 45x50 45x51 45x52 4x65 5x43 6x48 6x51 7x34 7x35 7x38 7x41 7x42
Lipid receptors,7M8W,pd2r2_human,YSS,15(<i>R</i>)-15-methyl-PGD<sub>2</sub>,Antagonist,pharmacological_orthosteric_ligand,X-RAY DIFFRACTION,9.3,8.2,4.4,10.6,0.65,26,20,2 3 4 5 6 7 23 45,23x50 2x60 2x63 3x28 3x29 3x32 3x33 45x50 45x51 45x52 4x65 5x43 6x51 6x55 6x58 7x31 7x34 7x35 7x38 7x42
Lipid receptors,7T6B,s1pr2_human,S1P,sphingosine 1-phosphate,Agonist,pharmacological_orthosteric_ligand,ELECTRON MICROSCOPY,5.4,5.1,1.9,11.4,0.7,26,20,1 2 3 4 5 6 7 23,1x32 23x501 2x60 2x64 3x28 3x29 3x32 3x33 3x36 3x37 3x40 3x41 4x56 5x43 5x46 5x47 6x48 6x55 7x35 7x38
Lipid receptors,7TD0,lpar1_human,NKP,lysophosphatidic acid,Agonist,pharmacological_orthosteric_ligand,ELECTRON MICROSCOPY,6.6,6.4,1.6,11.2,0.71,26,21,2 3 5 6 7 23,23x47 23x50 2x60 3x28 3x29 3x32 3x33 3x36 5x39 5x40 5x43 6x48 6x51 6x54 6x55 7x33 7x34 7x35 7x37 7x38 7x41
Lipid receptors,7TD1,lpar1_human,NKP,lysophosphatidic acid,Agonist,pharmacological_orthosteric_ligand,ELECTRON MICROSCOPY,6.6,6.4,1.5,11.3,0.65,26,23,2 3 5 6 7 23,23x47 23x50 2x60 2x63 3x25 3x28 3x29 3x32 3x33 3x36 5x39 5x40 5x43 6x48 6x51 6x52 6x54 6x55 7x34 7x35 7x37 7x38 7x41
Lipid receptors,7TD2,lpar1_human,NKP,lysophosphatidic acid,Agonist,pharmacological_orthosteric_ligand,ELECTRON MICROSCOPY,6.5,6.3,1.5,11.1,0.71,26,21,2 3 5 6 7 23,23x47 23x50 2x60 3x25 3x28 3x29 3x32 3x33 3x36 5x39 5x40 5x43 6x48 6x51 6x54 6x55 7x34 7x35 7x37 7x38 7x41
Lipid receptors,7TD3,s1pr1_human,S1P,sphingosine 1-phosphate,Agonist,pharmacological_orthosteric_ligand,ELECTRON MICROSCOPY,5.9,5.5,2.1,11.1,0.68,26,22,2 3 4 5 6 7 23,23x47 23x50 2x60 2x64 3x28 3x29 3x32 3x33 3x36 3x37 3x40 3x41 4x56 5x43 5x46 5x47 5x50 6x48 6x51 6x55 7x34 7x38
Lipid receptors,7TD4,s1pr1_human,J8C,siponimod,Agonist,pharmacological_orthosteric_ligand,ELECTRON MICROSCOPY,4.2,4.0,1.4,11.2,0.67,26,24,2 3 4 5 6 7 23,23x47 23x50 2x60 2x64 3x28 3x29 3x32 3x33 3x36 3x37 3x40 3x41 4x56 5x43 5x44 5x46 5x47 5x50 6x48 6x51 6x55 7x34 7x35 7x38
Lipid receptors,7V3Z,cnr1_human,9GF,CP55940,Agonist,pharmacological_orthosteric_ligand,X-RAY DIFFRACTION,6.4,5.8,2.7,11.3,0.84,26,19,2 3 5 6 7,2x57 2x60 2x61 2x64 2x65 3x25 3x28 3x29 3x32 3x33 3x36 5x39 5x40 5x43 6x51 6x55 7x34 7x38 7x41
Lipid receptors,7VIE,s1pr1_human,S1P,sphingosine 1-phosphate,Agonist,pharmacological_orthosteric_ligand,ELECTRON MICROSCOPY,6.2,5.9,2.0,11.4,0.74,26,19,2 3 4 5 6 7 23,23x47 2x60 2x64 3x28 3x29 3x32 3x33 3x36 3x37 3x40 4x56 5x43 5x46 5x47 6x48 6x51 6x55 7x34 7x38
Lipid receptors,7VIF,s1pr1_human,J89,(S)-FTY720-phosphate,Agonist,pharmacological_orthosteric_ligand,ELECTRON MICROSCOPY,6.7,6.2,2.5,11.3,0.76,26,17,2 3 5 6 7 23,23x47 23x50 2x60 2x64 3x28 3x29 3x32 3x33 3x36 3x37 3x40 5x47 6x48 6x51 6x55 7x34 7x38
Lipid receptors,7VIG,s1pr1_human,7I4,icanbelimod,Agonist,pharmacological_orthosteric_ligand,ELECTRON MICROSCOPY,5.4,5.1,1.8,11.4,0.64,26,22,2 3 4 5 6 7 23,23x47 23x50 2x60 2x64 3x25 3x28 3x29 3x32 3x33 3x36 3x37 3x40 4x56 5x43 5x46 5x47 5x50 6x48 6x51 6x55 7x34 7x38
Lipid receptors,7VIH,s1pr1_human,7I4,icanbelimod,Agonist,pharmacological_orthosteric_ligand,ELECTRON MICROSCOPY,6.3,5.9,2.1,11.2,0.76,26,17,2 3 5 6 7 23,23x47 23x50 2x60 2x64 3x28 3x29 3x32 3x33 3x36 3x37 3x40 5x43 5x47 6x48 6x51 6x55 7x38
Lipid receptors,7VKT,lt4r1_human,LTB,LTB<sub>4</sub>,Agonist,pharmacological_orthosteric_ligand,ELECTRON MICROSCOPY,4.9,3.5,3.4,11.5,0.76,26,21,1 2 3 4 5 6 7,1x35 1x39 2x60 2x63 2x64 3x29 3x32 3x33 3x36 3x37 3x40 4x61 5x43 5x461 6x48 6x51 6x52 7x34 7x35 7x38 7x42
Lipid receptors,7WCM,gp119_human,8VP,MBX-2982,Agonist,pharmacological_orthosteric_ligand,ELECTRON MICROSCOPY,2.1,0.5,2.0,10.8,0.62,26,26,1 2 3 4 5 6 7 45,1x35 2x60 2x64 3x29 3x32 3x33 3x36 3x37 3x40 3x41 45x51 45x52 4x56 5x40 5x41 5x44 5x47 5x48 5x51 6x48 6x51 6x52 7x33 7x34 7x35 7x38
Lipid receptors,7WCN,gp119_human,8WL,AR231453,Agonist,pharmacological_orthosteric_ligand,ELECTRON MICROSCOPY,2.2,0.3,2.2,10.8,0.58,26,24,1 2 3 4 5 6 7 45,1x35 2x60 2x64 3x29 3x32 3x33 3x36 3x37 3x40 3x41 45x51 45x52 4x56 5x41 5x44 5x47 5x48 5x51 6x48 6x51 6x52 7x33 7x34 7x38
Lipid receptors,7WF7,s1pr1_human,S1P,sphingosine 1-phosphate,Agonist,pharmacological_orthosteric_ligand,ELECTRON MICROSCOPY,9.8,8.6,4.6,10.8,0.75,26,12,2 3 6 7 23,23x50 2x60 2x64 3x25 3x28 3x29 3x30 3x32 3x33 3x36 6x51 7x38
Lipid receptors,7WV9,cnr1_human,9GF,CP55940,Agonist,pharmacological_orthosteric_ligand,ELECTRON MICROSCOPY,7.3,6.7,2.7,11.6,0.88,26,16,2 3 5 6 7,2x57 2x60 2x61 2x64 2x65 3x25 3x29 3x32 3x33 3x36 5x40 5x43 6x55 7x34 7x38 7x41
Lipid receptors,7XZ5,gp119_human,LSC,"(4R,7R,18E)-4,7-dihydroxy-N,N,N-trimethyl-10-oxo-3,5,9-trioxa-4-phosphaheptacos-18-en-1-aminium 4-oxide",Agonist,pharmacological_orthosteric_ligand,ELECTRON MICROSCOPY,6.6,5.7,3.3,10.6,0.62,26,24,1 2 3 4 5 6 7 45,1x35 2x60 2x63 2x64 3x29 3x32 3x33 3x36 3x37 3x40 3x41 45x50 45x51 45x52 4x56 5x44 5x47 5x48 6x48 6x51 7x30 7x34 7x35 7x38
Lipid receptors,7XZ6,gp119_human,I7J,APD668,Agonist,pharmacological_orthosteric_ligand,ELECTRON MICROSCOPY,2.3,0.6,2.2,10.7,0.62,26,26,1 2 3 4 5 6 7 45,1x35 1x39 2x60 2x64 3x29 3x32 3x33 3x36 3x37 3x40 3x41 45x50 45x51 45x52 4x56 5x41 5x44 5x47 5x48 5x51 6x48 6x51 6x52 7x34 7x35 7x38
Lipid receptors,7YU3,lpar1_human,K6L,[(2~{R})-2-[5-(2-hexylphenyl)pentanoylamino]-3-oxidanyl-propyl] dihydrogen phosphate,Agonist,pharmacological_orthosteric_ligand,ELECTRON MICROSCOPY,7.2,6.8,2.3,11.2,0.71,26,21,2 3 5 6 7 23,23x47 23x50 2x60 2x63 3x28 3x29 3x32 3x33 3x36 5x39 5x40 5x43 6x48 6x51 6x54 6x55 7x34 7x35 7x37 7x38 7x41
Lipid receptors,7YU4,lpar1_human,K6L,[(2~{R})-2-[5-(2-hexylphenyl)pentanoylamino]-3-oxidanyl-propyl] dihydrogen phosphate,Agonist,pharmacological_orthosteric_ligand,ELECTRON MICROSCOPY,7.2,6.8,2.4,11.1,0.67,26,21,2 3 5 6 7 23,23x47 23x50 2x60 2x63 3x25 3x28 3x29 3x33 3x36 5x39 5x40 5x43 6x48 6x51 6x54 6x55 7x34 7x35 7x37 7x38 7x41
Lipid receptors,7YU5,lpar1_human,K6L,[(2~{R})-2-[5-(2-hexylphenyl)pentanoylamino]-3-oxidanyl-propyl] dihydrogen phosphate,Agonist,pharmacological_orthosteric_ligand,ELECTRON MICROSCOPY,7.3,7.0,2.3,11.2,0.7,26,20,2 3 5 6 7 23,23x47 23x50 2x60 2x63 3x28 3x29 3x32 3x33 3x36 5x39 5x40 5x43 6x51 6x54 6x55 7x34 7x35 7x37 7x38 7x41
Lipid receptors,7YU6,lpar1_human,K6L,[(2~{R})-2-[5-(2-hexylphenyl)pentanoylamino]-3-oxidanyl-propyl] dihydrogen phosphate,Agonist,pharmacological_orthosteric_ligand,ELECTRON MICROSCOPY,7.2,6.8,2.2,11.2,0.71,26,21,2 3 5 6 7 23,23x47 23x50 2x60 2x63 3x28 3x29 3x32 3x33 3x36 5x39 5x40 5x43 6x48 6x51 6x54 6x55 7x34 7x35 7x37 7x38 7x41
Lipid receptors,7YU7,lpar1_human,K6L,[(2~{R})-2-[5-(2-hexylphenyl)pentanoylamino]-3-oxidanyl-propyl] dihydrogen phosphate,Agonist,pharmacological_orthosteric_ligand,ELECTRON MICROSCOPY,7.3,6.9,2.3,11.2,0.71,26,21,2 3 5 6 7 23,23x47 23x50 2x60 2x63 3x28 3x29 3x32 3x33 3x36 5x39 5x40 5x43 6x48 6x51 6x54 6x55 7x34 7x35 7x37 7x38 7x41
Lipid receptors,7YU8,lpar1_human,K6L,[(2~{R})-2-[5-(2-hexylphenyl)pentanoylamino]-3-oxidanyl-propyl] dihydrogen phosphate,Agonist,pharmacological_orthosteric_ligand,ELECTRON MICROSCOPY,7.7,7.1,3.0,11.0,0.68,26,19,2 3 5 6 7 23,23x47 23x50 2x60 2x63 3x28 3x29 3x32 3x33 5x39 5x40 5x43 6x51 6x54 6x55 7x34 7x35 7x37 7x38 7x41
Lipid receptors,7YXA,s1pr5_human,B2O,"4-[6-(2-naphthalen-1-ylethoxy)-2,3,4,5-tetrahydro-1H-3-benzazepin-3-ium-3-yl]butanoic acid",Antagonist,pharmacological_orthosteric_ligand,X-RAY DIFFRACTION,8.3,5.6,6.2,11.4,0.88,26,16,1 2 3 6 7,1x33 1x39 2x57 2x60 2x61 3x25 3x28 3x29 3x32 6x48 6x51 7x35 7x38 7x39 7x41 7x42
Lipid receptors,8EIT,ffar1_human,HXA,docosahexaenoic acid,Agonist,pharmacological_orthosteric_ligand,ELECTRON MICROSCOPY,7.9,5.2,6.0,11.3,0.69,26,13,3 4 5 6 7 45,3x29 3x30 3x33 3x37 45x51 4x57 4x60 4x61 5x40 5x43 6x51 6x55 7x34
Lipid receptors,8EJC,ffar1_human,2YB,fasiglifam,Agonist,pharmacological_orthosteric_ligand,ELECTRON MICROSCOPY,14.7,7.1,12.9,11.4,0.53,26,17,3 4 5 6 7 45,3x26 3x27 3x29 3x30 3x33 3x37 45x51 4x54 4x57 4x58 4x60 4x61 5x40 5x43 6x51 6x55 7x34
Lipid receptors,8EJK,ffar1_human,2YB,fasiglifam,Agonist,pharmacological_orthosteric_ligand,ELECTRON MICROSCOPY,14.7,7.6,12.6,11.5,0.53,26,15,3 4 5 6 7 45,3x26 3x27 3x29 3x30 3x33 3x37 45x51 4x57 4x58 4x60 4x61 5x40 5x43 6x51 7x34
Lipid receptors,8G59,ffar4_human,YN9,TUG-891,Agonist,pharmacological_orthosteric_ligand,ELECTRON MICROSCOPY,3.9,3.2,2.1,12.3,0.58,26,24,2 3 4 5 6 7 45,2x53 3x29 3x32 3x33 3x36 3x37 3x40 45x52 4x61 5x36 5x39 5x40 5x43 5x461 6x48 6x51 6x52 6x55 6x58 6x59 6x62 7x34 7x38 7x41
Lipid receptors,8GAG,cnr1_human,YVF,methyl (2R)-2-({(1M)-5-methyl-1-[3-(trifluoromethyl)phenyl]-1H-pyrazole-3-carbonyl}amino)-2-(thiophen-2-yl)propanoate,Agonist,pharmacological_orthosteric_ligand,ELECTRON MICROSCOPY,6.4,5.8,2.7,11.6,0.82,26,17,2 3 5 6 7,2x57 2x60 2x61 2x64 2x65 3x25 3x28 3x29 3x32 3x33 3x36 5x39 5x40 5x43 6x55 7x38 7x41
Lipid receptors,8GCM,pe2r4_human,YX9,"(5S)-5-[(3R)-4,4-difluoro-3-hydroxy-4-phenylbutyl]-1-[6-(1H-tetrazol-5-yl)hexyl]pyrrolidin-2-one",Agonist,pharmacological_orthosteric_ligand,ELECTRON MICROSCOPY,11.8,3.5,11.2,11.6,0.64,26,14,1 2 3 7,1x38 1x39 1x42 1x43 2x53 2x54 2x57 2x58 2x61 2x64 3x32 7x35 7x38 7x42
Lipid receptors,8GCP,pe2r4_human,P2E,PGE<sub>2</sub>,Agonist,pharmacological_orthosteric_ligand,ELECTRON MICROSCOPY,9.0,-0.0,9.0,11.8,0.58,26,19,1 2 3 7,1x39 1x42 1x43 2x53 2x54 2x57 2x58 2x61 2x65 3x31 3x32 3x35 3x36 7x35 7x38 7x39 7x41 7x42 7x46
Lipid receptors,8GD9,pe2r4_human,Z2C,"4-({2-[(1R,2R,3R,5S)-3,5-dihydroxy-2-{(3S)-3-hydroxy-4-[3-(methoxymethyl)phenyl]butyl}cyclopentyl]ethyl}sulfanyl)butanoic acid",Agonist,pharmacological_orthosteric_ligand,ELECTRON MICROSCOPY,8.1,-0.5,8.1,11.9,0.64,26,22,1 2 3 6 7 45,1x39 1x42 1x43 2x50 2x53 2x54 2x57 2x58 2x61 2x65 3x32 3x33 3x35 3x36 45x51 6x51 7x35 7x38 7x39 7x41 7x42 7x46
Lipid receptors,8GDA,pe2r4_human,YZV,"(2S,5R)-5-[(1E,3S)-4,4-difluoro-3-hydroxy-4-phenylbut-1-en-1-yl]-1-[6-(1H-tetrazol-5-yl)hexyl]pyrrolidin-2-ol",Agonist,pharmacological_orthosteric_ligand,ELECTRON MICROSCOPY,8.7,-0.1,8.7,11.7,0.58,26,19,1 2 3 7,1x39 1x42 1x43 2x53 2x54 2x57 2x58 2x61 2x65 3x31 3x32 3x35 3x36 7x35 7x38 7x39 7x41 7x42 7x46
Lipid receptors,8GDB,pe2r4_human,P2E,PGE<sub>2</sub>,Agonist,pharmacological_orthosteric_ligand,ELECTRON MICROSCOPY,9.2,-0.3,9.2,11.8,0.58,26,19,1 2 3 7,1x39 1x42 1x43 2x50 2x53 2x54 2x57 2x58 2x61 2x65 3x32 3x35 3x36 7x35 7x38 7x39 7x41 7x42 7x46
Lipid receptors,8GDC,pe2r3_human,P2E,PGE<sub>2</sub>,Agonist,pharmacological_orthosteric_ligand,ELECTRON MICROSCOPY,8.9,-0.1,8.9,11.7,0.68,26,19,1 2 3 6 7 45,1x38 1x39 1x42 2x53 2x54 2x57 2x58 2x61 2x65 3x28 3x32 3x36 45x51 6x48 7x38 7x39 7x41 7x42 7x46
Lipid receptors,8GHV,cnr1_human,ZI5,CHEMBL4208628,Agonist,pharmacological_orthosteric_ligand,ELECTRON MICROSCOPY,7.2,7.0,1.9,11.4,0.8,26,20,2 3 5 6 7,2x57 2x60 2x61 2x64 2x65 3x25 3x29 3x32 3x33 3x36 5x39 5x40 5x43 6x51 6x55 7x31 7x34 7x35 7x38 7x41
Lipid receptors,8GUQ,cnr2_human,KNF,olorinab,Agonist,pharmacological_orthosteric_ligand,ELECTRON MICROSCOPY,5.2,4.7,2.4,11.2,0.84,26,19,2 3 5 6 7,2x57 2x60 2x61 2x64 2x65 3x25 3x28 3x29 3x32 3x33 3x36 5x39 5x40 5x43 6x48 6x51 6x55 7x38 7x41
Lipid receptors,8GUR,cnr2_human,9GF,CP55940,Agonist,pharmacological_orthosteric_ligand,ELECTRON MICROSCOPY,6.3,6.0,2.0,11.4,0.94,26,17,2 3 5 6 7,2x57 2x60 2x61 2x64 3x25 3x29 3x32 3x33 3x36 5x43 6x48 6x51 6x55 7x34 7x35 7x38 7x41
Lipid receptors,8GUS,cnr2_human,KO3,CHEMBL2179724,Agonist,pharmacological_orthosteric_ligand,ELECTRON MICROSCOPY,6.3,5.9,2.2,11.2,0.86,26,21,2 3 5 6 7,2x57 2x60 2x61 2x64 2x65 3x25 3x28 3x29 3x32 3x33 3x36 5x39 5x40 5x43 6x48 6x51 6x55 7x34 7x35 7x38 7x41
Lipid receptors,8GUT,cnr2_human,KO8,"1-[[4-[5-Fluoro-6-[(oxan-4-ylamino)methyl]pyridin-2-yl]phenyl]methyl]-3-(2-methylpropyl)imidazolidine-2,4-dione",Agonist,pharmacological_orthosteric_ligand,ELECTRON MICROSCOPY,5.9,5.4,2.5,11.2,0.85,26,20,2 3 5 6 7,2x57 2x60 2x61 2x64 2x65 3x25 3x28 3x29 3x32 3x33 3x36 5x39 5x40 5x43 6x48 6x51 6x55 7x34 7x38 7x41
Lipid receptors,8H4I,ffar4_human,HXA,docosahexaenoic acid,Agonist,pharmacological_orthosteric_ligand,ELECTRON MICROSCOPY,4.3,3.6,2.5,12.2,0.58,26,24,2 3 4 5 6 7 45,2x53 3x29 3x32 3x33 3x36 3x37 3x40 45x52 4x61 5x36 5x39 5x40 5x43 5x461 6x48 6x51 6x52 6x55 6x58 6x59 6x62 7x34 7x38 7x41
Lipid receptors,8H4K,ffar4_human,WPT,GW9508,Agonist,pharmacological_orthosteric_ligand,ELECTRON MICROSCOPY,3.7,3.4,1.2,12.4,0.58,26,24,2 3 4 5 6 7 45,2x53 3x29 3x32 3x33 3x36 3x37 3x40 45x52 4x61 4x65 5x36 5x39 5x40 5x43 6x48 6x51 6x52 6x55 6x58 6x59 6x62 7x34 7x38 7x41
Lipid receptors,8H4L,ffar4_human,HXA,docosahexaenoic acid,Agonist,pharmacological_orthosteric_ligand,ELECTRON MICROSCOPY,3.6,3.2,1.6,12.5,0.56,26,25,2 3 4 5 6 7 45,2x53 3x29 3x32 3x33 3x36 3x37 3x40 45x52 4x61 4x65 5x36 5x39 5x40 5x43 5x461 6x48 6x51 6x52 6x55 6x58 6x59 6x62 7x34 7x38 7x41
Lipid receptors,8ID3,ffar4_human,7NR,9-Hydroxyoctadecanoic acid,Agonist,pharmacological_orthosteric_ligand,ELECTRON MICROSCOPY,3.7,3.3,1.7,12.0,0.61,26,23,2 3 4 5 6 7 45,2x53 3x29 3x32 3x33 3x36 3x37 3x40 45x52 4x61 4x65 5x36 5x39 5x40 5x43 6x48 6x51 6x52 6x55 6x58 6x59 7x34 7x38 7x41
Lipid receptors,8ID4,ffar4_human,EIC,linoleic acid,Agonist,pharmacological_orthosteric_ligand,ELECTRON MICROSCOPY,3.8,3.4,1.5,12.0,0.61,26,23,2 3 4 5 6 7,2x53 3x29 3x32 3x33 3x36 3x37 3x40 4x61 4x65 5x36 5x39 5x40 5x43 5x461 6x48 6x51 6x52 6x55 6x58 6x59 7x34 7x38 7x41
Lipid receptors,8ID6,ffar4_human,OLA,oleic acid,Agonist,pharmacological_orthosteric_ligand,ELECTRON MICROSCOPY,4.2,3.8,1.8,11.9,0.61,26,23,2 3 4 5 6 7 45,2x53 3x29 3x32 3x33 3x36 3x37 3x40 45x52 4x61 5x36 5x39 5x40 5x43 5x461 6x48 6x51 6x52 6x55 6x58 6x59 7x34 7x38 7x41
Lipid receptors,8ID8,ffar4_human,YN9,TUG-891,Agonist,pharmacological_orthosteric_ligand,ELECTRON MICROSCOPY,3.6,3.0,1.9,12.3,0.57,26,23,2 3 4 5 6 7 45,2x53 3x32 3x33 3x36 3x37 3x40 45x52 4x61 5x36 5x39 5x40 5x43 5x461 6x48 6x51 6x52 6x55 6x58 6x59 6x62 7x38 7x41 7x42
Lipid receptors,8ID9,ffar4_human,EPA,EPA,Agonist,pharmacological_orthosteric_ligand,ELECTRON MICROSCOPY,3.7,3.4,1.4,12.1,0.62,26,21,2 3 4 5 6 7,2x53 3x29 3x32 3x33 3x36 3x37 3x40 4x61 5x36 5x39 5x40 5x43 5x461 6x48 6x51 6x52 6x55 6x58 6x59 7x34 7x41
Lipid receptors,8IKG,cnr1_human,Q2B,3-[(1S)-1-(furan-2-yl)-2-nitro-ethyl]-2-phenyl-1H-indole,Agonist,pharmacological_orthosteric_ligand,ELECTRON MICROSCOPY,16.3,2.2,16.2,11.6,0.1,26,10,2 3 4,2x52 2x56 3x27 3x28 3x30 3x31 3x34 4x54 4x57 4x58
Lipid receptors,8IKH,cnr1_human,Q2L,3-[(1R)-1-(2-methoxyphenyl)-2-nitro-ethyl]-2-phenyl-1H-indole,Agonist,pharmacological_orthosteric_ligand,ELECTRON MICROSCOPY,15.6,1.1,15.6,11.8,0.17,26,12,2 3 4,2x52 2x56 3x27 3x28 3x30 3x31 3x32 3x34 4x50 4x54 4x57 4x58
Lipid receptors,8IQ4,pf2r_human,87Q,Carboprost,Agonist,pharmacological_orthosteric_ligand,ELECTRON MICROSCOPY,8.6,0.7,8.5,11.0,0.62,26,24,1 2 3 5 6 7 45,1x39 1x42 1x43 2x50 2x53 2x54 2x57 2x58 2x61 2x65 3x28 3x32 3x35 3x36 45x51 5x41 6x48 6x51 7x35 7x38 7x39 7x41 7x42 7x46
Lipid receptors,8IQ6,pf2r_human,7WT,latanoprost (free acid form),Agonist,pharmacological_orthosteric_ligand,ELECTRON MICROSCOPY,8.2,1.0,8.1,11.2,0.62,26,24,1 2 3 5 6 7 45,1x38 1x39 1x42 1x43 2x53 2x54 2x57 2x58 2x61 2x65 3x28 3x32 3x35 3x36 45x51 5x41 6x48 6x51 7x35 7x38 7x39 7x41 7x42 7x46
Lipid receptors,8IUK,pf2r_human,UGU,PGF<sub>2&alpha;</sub>,Agonist,pharmacological_orthosteric_ligand,ELECTRON MICROSCOPY,9.2,0.9,9.1,11.0,0.62,26,21,1 2 3 6 7,1x38 1x39 1x42 1x43 2x54 2x57 2x58 2x61 2x65 3x28 3x32 3x35 3x36 6x48 6x51 7x35 7x38 7x39 7x41 7x42 7x46
Lipid receptors,8IUL,pf2r_human,7WT,latanoprost (free acid form),Agonist,pharmacological_orthosteric_ligand,ELECTRON MICROSCOPY,8.1,0.9,8.1,11.2,0.62,26,26,1 2 3 5 6 7 45,1x38 1x39 1x40 1x42 1x43 2x53 2x54 2x57 2x58 2x61 2x65 3x28 3x32 3x33 3x35 3x36 45x51 5x41 6x48 6x51 7x35 7x38 7x39 7x41 7x42 7x46
Lipid receptors,8IUM,pf2r_human,S2F,tafluprost acid,Agonist,pharmacological_orthosteric_ligand,ELECTRON MICROSCOPY,8.1,0.4,8.1,11.0,0.58,26,24,1 2 3 5 6 7 45,1x39 1x42 1x43 2x53 2x54 2x57 2x58 2x65 3x28 3x31 3x32 3x35 3x36 45x51 5x41 6x48 6x51 7x35 7x38 7x39 7x41 7x42 7x46 7x47
Lipid receptors,8IYS,ffar4_human,YN9,TUG-891,Agonist,pharmacological_orthosteric_ligand,ELECTRON MICROSCOPY,3.8,3.6,1.1,12.1,0.58,26,26,2 3 4 5 6 7 45,2x53 3x29 3x32 3x33 3x36 3x37 3x40 45x52 4x61 4x65 5x36 5x39 5x40 5x43 5x461 6x48 6x51 6x52 6x55 6x58 6x59 6x62 7x34 7x38 7x41 7x42
Lipid receptors,8J20,ffar3_human,LEA,pentanoic acid,Agonist,pharmacological_orthosteric_ligand,ELECTRON MICROSCOPY,5.8,4.1,4.1,11.6,0.7,26,10,3 4 5 6 7,3x33 3x37 4x56 4x57 4x60 5x40 5x43 6x51 6x55 7x34
Lipid receptors,8J21,ffar3_human,BUA,butyric acid,Agonist,pharmacological_orthosteric_ligand,ELECTRON MICROSCOPY,6.4,4.5,4.5,11.7,0.8,26,10,3 4 5 6 7 45,3x33 3x37 45x51 4x57 4x60 5x40 5x43 6x51 6x55 7x34
Lipid receptors,8J22,ffar2_human,9UJ,CHEMBL4176503,Agonist,pharmacological_orthosteric_ligand,ELECTRON MICROSCOPY,11.4,9.6,6.1,11.2,0.4,26,20,3 4 5 6 7 45,3x26 3x29 3x30 3x33 3x37 45x52 4x57 4x60 4x61 4x63 4x64 5x32 5x35 5x36 5x39 5x40 5x43 6x51 6x55 7x34
Lipid receptors,8J24,ffar2_human,ACT,Acetic acid ,Agonist,pharmacological_orthosteric_ligand,ELECTRON MICROSCOPY,6.4,4.8,4.2,11.2,0.73,26,11,3 4 5 6 7 45,3x33 3x37 45x51 4x57 4x59 4x60 5x40 5x43 6x51 6x55 7x34
Lipid receptors,8K8J,cnr1_human,J3O,FENOFIBRATE,Agonist,pharmacological_orthosteric_ligand,ELECTRON MICROSCOPY,5.7,5.3,2.3,11.4,0.83,26,18,2 3 5 6 7,2x57 2x60 2x61 2x64 2x65 3x25 3x29 3x32 3x33 3x36 5x39 5x40 5x43 6x48 6x51 6x55 7x34 7x38
Lipid receptors,8T3O,ffar4_human,YN9,TUG-891,Agonist,pharmacological_orthosteric_ligand,ELECTRON MICROSCOPY,3.3,2.8,1.6,12.1,0.58,26,24,2 3 4 5 6 7 45,2x53 3x29 3x32 3x33 3x36 3x37 3x40 45x52 4x61 5x36 5x39 5x40 5x43 5x461 5x47 6x48 6x51 6x52 6x55 6x58 6x59 7x34 7x38 7x41
Lipid receptors,8T3Q,ffar4_human,HXA,docosahexaenoic acid,Agonist,pharmacological_orthosteric_ligand,ELECTRON MICROSCOPY,6.7,6.3,2.5,12.0,0.55,26,22,2 3 4 5 6 7 45,2x53 3x32 3x33 3x36 3x37 3x40 45x52 4x61 5x36 5x40 5x43 5x461 6x48 6x51 6x52 6x55 6x58 6x59 6x61 6x62 7x34 7x41
Lipid receptors,8T3S,ffar2_human,BUA,butyric acid,Agonist,pharmacological_orthosteric_ligand,ELECTRON MICROSCOPY,5.9,4.8,3.5,10.8,0.62,26,13,3 4 5 6 7,3x29 3x33 3x34 3x37 4x57 4x60 4x61 4x64 5x40 5x43 6x51 6x55 7x34
Lipid receptors,8T3V,ffar1_human,HXA,docosahexaenoic acid,Agonist,pharmacological_orthosteric_ligand,ELECTRON MICROSCOPY,11.3,3.0,10.9,11.5,0.5,26,16,2 3 4 5 6 7 45,2x52 3x27 3x29 3x30 3x31 3x33 3x37 45x51 4x54 4x57 4x58 4x61 5x40 6x51 6x55 7x34
Lipid receptors,8VHF,gp119_human,8VP,MBX-2982,Agonist,pharmacological_orthosteric_ligand,ELECTRON MICROSCOPY,2.2,0.4,2.1,10.8,0.64,26,25,1 2 3 4 5 6 7 45,1x35 2x60 2x64 3x29 3x32 3x33 3x36 3x37 3x40 3x41 45x50 45x51 45x52 4x56 5x40 5x44 5x47 5x48 5x51 6x48 6x51 6x52 7x34 7x35 7x38
Lipid receptors,8WRZ,cnr1_human,8D0,AM841,Agonist,pharmacological_orthosteric_ligand,ELECTRON MICROSCOPY,5.9,5.6,1.7,11.7,0.78,26,18,2 3 5 6 7,2x57 2x60 2x61 2x64 2x65 3x25 3x29 3x30 3x32 3x33 3x36 5x39 5x40 5x43 6x55 7x34 7x35 7x38
Lipid receptors,8WU1,cnr1_human,KCA,MDMB-Fubinaca,Agonist,pharmacological_orthosteric_ligand,ELECTRON MICROSCOPY,4.9,4.5,1.8,11.1,0.84,26,19,2 3 5 6 7,2x57 2x60 2x61 2x64 2x65 3x25 3x29 3x32 3x33 3x36 5x39 5x40 5x43 6x48 6x51 7x34 7x35 7x38 7x41
Lipid receptors,8X3L,cnr2_human,XWD,CHEMBL5422946,Agonist,pharmacological_orthosteric_ligand,ELECTRON MICROSCOPY,5.3,4.9,2.0,11.5,0.83,26,18,2 3 5 6 7,2x57 2x60 2x61 2x64 2x65 3x25 3x29 3x32 3x33 3x36 5x39 5x40 5x43 6x51 6x55 7x34 7x38 7x41
Lipid receptors,8X79,pi2r_human,Y9Q,MRE-269,Agonist,pharmacological_orthosteric_ligand,ELECTRON MICROSCOPY,7.3,-0.3,7.3,11.0,0.55,26,22,1 2 3 6 7,1x39 1x42 1x43 2x50 2x53 2x54 2x57 2x58 2x61 2x65 3x32 3x35 3x36 3x39 6x51 7x35 7x38 7x39 7x41 7x42 7x45 7x46
Lipid receptors,8X7A,pi2r_human,Y9J,treprostinil,Agonist,pharmacological_orthosteric_ligand,ELECTRON MICROSCOPY,9.3,1.1,9.2,10.9,0.58,26,19,1 2 3 7,1x39 1x42 1x43 2x50 2x53 2x54 2x57 2x58 2x61 2x65 3x28 3x32 3x35 3x36 7x38 7x39 7x41 7x42 7x46
Lipid receptors,8XJK,pf2r_human,A1D5A,cloprostenol,Agonist,pharmacological_orthosteric_ligand,ELECTRON MICROSCOPY,7.7,0.7,7.6,11.0,0.62,26,26,1 2 3 5 6 7 45,1x38 1x39 1x42 1x43 2x53 2x54 2x57 2x58 2x61 2x65 3x28 3x32 3x33 3x35 3x36 45x51 5x41 6x48 6x51 7x35 7x38 7x39 7x41 7x42 7x46 7x47
Lipid receptors,8XJL,pf2r_human,UGU,PGF<sub>2&alpha;</sub>,Agonist,pharmacological_orthosteric_ligand,ELECTRON MICROSCOPY,8.6,1.0,8.5,10.9,0.6,26,25,1 2 3 5 6 7 45,1x38 1x39 1x42 1x43 2x53 2x54 2x57 2x58 2x61 2x65 3x28 3x32 3x35 3x36 45x51 5x41 6x48 6x51 7x35 7x38 7x39 7x41 7x42 7x46 7x47
Lipid receptors,8XJM,pf2r_human,7WT,latanoprost (free acid form),Agonist,pharmacological_orthosteric_ligand,ELECTRON MICROSCOPY,8.0,0.8,7.9,10.9,0.64,26,25,1 2 3 5 6 7 45,1x38 1x39 1x42 1x43 2x53 2x54 2x57 2x58 2x61 2x65 3x28 3x32 3x33 3x35 3x36 45x51 5x41 6x48 6x51 7x35 7x38 7x39 7x41 7x42 7x46
Lipid receptors,8XJN,ta2r_human,A1D5A,cloprostenol,Agonist,pharmacological_orthosteric_ligand,ELECTRON MICROSCOPY,7.7,0.8,7.7,11.1,0.71,26,24,1 2 3 5 6 7 45,1x35 1x39 1x42 1x43 2x53 2x54 2x57 2x58 2x61 2x65 3x32 3x33 3x35 3x36 45x51 5x43 6x48 6x51 7x35 7x38 7x39 7x41 7x42 7x46
Lipid receptors,8XJO,ta2r_human,PUC,U46619,Agonist,pharmacological_orthosteric_ligand,ELECTRON MICROSCOPY,8.4,0.9,8.3,11.0,0.71,26,24,1 2 3 5 6 7 45,1x35 1x39 1x42 1x43 2x53 2x54 2x57 2x58 2x61 2x65 3x28 3x32 3x35 3x36 45x51 5x43 6x48 6x51 7x35 7x38 7x39 7x41 7x42 7x46
Lipid receptors,8XYD,ptafr_human,PFS,PAF,Agonist,pharmacological_orthosteric_ligand,ELECTRON MICROSCOPY,6.2,3.8,4.9,12.2,0.45,26,33,1 2 3 4 5 6 7 45,1x39 2x60 2x64 3x29 3x30 3x32 3x33 3x34 3x37 3x40 3x41 45x50 45x51 45x52 4x53 4x56 4x57 4x60 5x36 5x39 5x40 5x42 5x43 5x46 5x47 5x50 6x51 6x55 6x58 6x59 6x63 7x34 7x38
Lipid receptors,8YIC,s1pr1_human,A1LYQ,SAR247799,Agonist,pharmacological_orthosteric_ligand,ELECTRON MICROSCOPY,5.3,5.0,1.8,11.6,0.74,26,19,2 3 4 5 6 7 23,23x49 2x60 2x64 3x25 3x28 3x29 3x32 3x33 3x36 3x37 3x40 4x56 5x43 5x47 6x48 6x51 6x55 7x34 7x38
Lipid receptors,8ZR5,gp119_human,A1D8M,DS-8500a,Agonist,pharmacological_orthosteric_ligand,ELECTRON MICROSCOPY,2.1,0.9,1.9,10.8,0.61,26,23,1 2 3 4 5 6 7 45,1x35 2x60 3x29 3x32 3x33 3x36 3x37 3x40 3x41 45x50 45x51 45x52 4x56 5x41 5x44 5x47 5x48 6x48 6x51 6x52 7x34 7x35 7x38
Lipid receptors,8ZRK,gp119_human,A1D8Y,GSK-1292263,Agonist,pharmacological_orthosteric_ligand,ELECTRON MICROSCOPY,2.1,0.2,2.1,10.7,0.61,26,23,1 2 3 4 5 6 7 45,1x35 2x60 2x64 3x29 3x32 3x33 3x36 3x37 3x40 3x41 45x50 45x51 45x52 4x56 5x44 5x47 5x48 5x51 6x48 6x51 6x52 7x34 7x38
Lipid receptors,8ZX4,gpr55_human,A1D9E,LPI,Agonist,pharmacological_orthosteric_ligand,ELECTRON MICROSCOPY,8.0,7.9,1.5,11.7,0.39,26,23,1 3 4 5 6 7 45,1x24 1x28 3x33 3x34 3x37 3x41 45x51 45x52 4x52 4x53 4x56 4x57 4x61 4x64 5x43 5x46 6x55 6x58 6x62 7x31 7x34 7x35 7x38
Lipid receptors,8ZX5,gpr55_human,A1D9D,AM251,Agonist,pharmacological_orthosteric_ligand,ELECTRON MICROSCOPY,8.4,8.2,1.7,11.7,0.75,26,16,1 2 3 4 6 7 45,1x35 1x39 2x60 3x29 3x32 3x33 45x51 45x52 4x61 6x55 6x58 7x31 7x34 7x35 7x38 7x39
Lipid receptors,9B9Y,cnr1_human,7DY,taranabant,Inverse agonist,pharmacological_orthosteric_ligand,ELECTRON MICROSCOPY,8.3,4.9,6.6,11.4,0.9,26,21,1 2 3 5 6 7,1x35 1x39 2x53 2x54 2x56 2x57 2x60 2x61 3x29 3x32 3x33 5x43 6x48 6x51 6x55 7x34 7x35 7x38 7x39 7x41 7x42
Lipid receptors,9B9Z,cnr1_human,A1AKO,Zevaquenabant,Inverse agonist,pharmacological_orthosteric_ligand,ELECTRON MICROSCOPY,8.8,5.2,7.1,11.5,0.85,26,20,1 2 3 5 6 7,1x35 1x38 1x39 2x53 2x56 2x57 2x60 3x32 3x33 5x43 6x48 6x51 6x55 7x34 7x35 7x36 7x38 7x39 7x41 7x42
Lipid receptors,9BA0,cnr1_human,A1AKN,Monlunabant,Inverse agonist,pharmacological_orthosteric_ligand,ELECTRON MICROSCOPY,9.1,5.4,7.4,11.4,0.84,26,19,1 2 3 6 7,1x35 1x39 2x53 2x56 2x57 2x61 2x65 3x29 3x32 3x33 6x48 6x51 6x55 7x34 7x35 7x36 7x38 7x39 7x41
Lipid receptors,9ERX,cnr1_human,A1H66,HU-210,Agonist,pharmacological_orthosteric_ligand,ELECTRON MICROSCOPY,6.4,6.0,2.4,11.3,0.84,26,19,2 3 5 6 7,2x57 2x60 2x61 2x64 2x65 3x25 3x28 3x29 3x32 3x33 3x36 5x39 5x40 5x43 6x51 6x55 7x34 7x38 7x41
Lipid receptors,9IYA,gpr55_human,A1L3E,"4-(3-Bromo-5-ethoxy-4-hydroxyphenyl)-N-(2-methoxyphenyl)-2-methyl-5-oxo-1,4,5,6,7,8-hexahydroquinoline-3-carboxamide",Antagonist,pharmacological_orthosteric_ligand,ELECTRON MICROSCOPY,7.8,5.0,6.0,11.8,0.35,26,20,3 4 5 6 45,3x26 3x29 3x30 3x33 3x37 45x51 45x52 4x53 4x56 4x57 4x59 4x60 4x61 4x62 5x39 5x40 5x43 5x44 6x52 6x55
Lipid receptors,9IYB,pd2r2_human,A1D5Q,PGD2,Agonist,pharmacological_orthosteric_ligand,ELECTRON MICROSCOPY,31.3,-23.3,20.8,10.8,0.06,26,18,2 3 4 5 34,2x38 2x42 34x52 34x56 34x57 3x41 3x44 3x45 3x48 3x49 4x38 4x41 4x42 4x44 4x45 4x48 4x49 5x53
Lipid receptors,9IZF,lpar1_human,NKP,lysophosphatidic acid,Agonist,pharmacological_orthosteric_ligand,ELECTRON MICROSCOPY,6.4,6.2,1.6,10.9,0.64,26,22,2 3 5 6 7 23,23x47 23x50 2x63 3x25 3x28 3x29 3x32 3x33 3x36 5x39 5x40 5x43 6x48 6x51 6x52 6x54 6x55 7x34 7x35 7x37 7x38 7x41
Lipid receptors,9IZG,lpar1_human,NKP,lysophosphatidic acid,Agonist,pharmacological_orthosteric_ligand,ELECTRON MICROSCOPY,6.6,6.4,1.4,11.2,0.71,26,21,2 3 5 6 7 23,23x47 23x50 2x60 2x63 3x28 3x29 3x32 3x33 3x36 5x39 5x40 5x43 6x48 6x51 6x54 6x55 7x34 7x35 7x37 7x38 7x41
Lipid receptors,9IZH,lpar1_human,NKP,lysophosphatidic acid,Agonist,pharmacological_orthosteric_ligand,ELECTRON MICROSCOPY,6.6,6.5,1.2,11.0,0.71,26,21,2 3 5 6 7 23,23x47 23x50 2x60 2x63 3x28 3x29 3x32 3x33 3x36 5x39 5x40 5x43 6x48 6x51 6x54 6x55 7x34 7x35 7x37 7x38 7x41
Lipid receptors,9J5V,lpar1_human,A1L3Q,CpY,Agonist,pharmacological_orthosteric_ligand,ELECTRON MICROSCOPY,4.1,4.0,0.6,11.0,0.75,26,16,3 5 6 7,3x29 3x32 3x33 3x36 5x39 5x40 5x43 6x48 6x51 6x52 6x54 6x55 7x34 7x37 7x38 7x41
Lipid receptors,9K1C,ffar1_human,HXA,docosahexaenoic acid,Agonist,pharmacological_orthosteric_ligand,ELECTRON MICROSCOPY,22.0,-17.8,12.9,11.4,0.06,26,18,2 3 4 5 34,2x38 2x42 34x53 3x41 3x44 3x45 3x48 3x49 3x52 4x42 4x45 4x49 4x52 4x53 5x46 5x461 5x50 5x53
Lipid receptors,9K1D,ffar2_human,BUA,butyric acid,Agonist,pharmacological_orthosteric_ligand,ELECTRON MICROSCOPY,6.3,5.2,3.5,11.8,0.7,26,10,3 4 5 6 7 45,3x33 45x51 4x57 4x59 4x60 5x40 5x43 6x51 6x55 7x34
Melatonin receptors,6ME2,mtr1a_human,JEV,ramelteon,Agonist,pharmacological_orthosteric_ligand,X-RAY DIFFRACTION,4.2,2.1,3.7,12.1,1.0,25,17,3 4 5 6 7 45,3x29 3x32 3x33 3x36 3x37 45x51 45x52 4x56 4x57 4x61 5x40 5x43 5x44 6x51 6x52 6x55 7x38
Melatonin receptors,6ME3,mtr1a_human,JEY,CHEMBL15060,Agonist,pharmacological_orthosteric_ligand,X-RAY DIFFRACTION,3.4,1.8,2.8,12.0,1.0,25,20,3 4 5 6 7 45,3x29 3x30 3x32 3x33 3x36 3x37 45x51 45x52 4x56 4x57 4x61 5x43 5x44 6x48 6x51 6x52 6x55 7x38 7x41 7x42
Melatonin receptors,6ME4,mtr1a_human,ML2,2-iodo-melatonin,Agonist,pharmacological_orthosteric_ligand,X-RAY DIFFRACTION,3.8,2.1,3.2,11.8,1.0,25,17,3 4 5 6 7 45,3x29 3x32 3x33 3x36 3x37 45x51 45x52 4x56 4x57 4x61 5x43 5x44 6x51 6x52 6x55 7x38 7x42
Melatonin receptors,6ME5,mtr1a_human,AWY,agomelatine,Agonist,pharmacological_orthosteric_ligand,X-RAY DIFFRACTION,4.1,2.2,3.5,12.0,1.0,25,15,3 4 5 6 45,3x29 3x32 3x33 3x36 3x37 45x51 45x52 4x56 4x57 4x61 5x40 5x43 5x44 6x51 6x52
Melatonin receptors,6ME6,mtr1b_human,JEY,CHEMBL15060,Agonist,pharmacological_orthosteric_ligand,X-RAY DIFFRACTION,3.2,1.7,2.7,12.0,1.0,25,20,3 4 5 6 7 45,3x29 3x30 3x32 3x33 3x36 3x37 45x51 45x52 4x57 4x61 5x39 5x43 5x44 6x48 6x51 6x52 6x55 7x38 7x41 7x42
Melatonin receptors,6ME7,mtr1b_human,JEY,CHEMBL15060,Agonist,pharmacological_orthosteric_ligand,X-RAY DIFFRACTION,3.1,1.7,2.6,12.1,1.0,25,21,3 4 5 6 7 45,3x29 3x30 3x32 3x33 3x36 3x37 45x51 45x52 4x56 4x57 4x61 5x39 5x43 5x44 6x48 6x51 6x52 6x55 7x38 7x41 7x42
Melatonin receptors,6ME8,mtr1b_human,JEY,CHEMBL15060,Agonist,pharmacological_orthosteric_ligand,X-RAY DIFFRACTION,3.1,1.7,2.6,12.5,1.0,25,20,3 4 5 6 7 45,3x29 3x32 3x33 3x36 3x37 45x51 45x52 4x56 4x57 4x61 5x39 5x43 5x44 6x48 6x51 6x52 6x55 7x38 7x41 7x42
Melatonin receptors,6ME9,mtr1b_human,JEV,ramelteon,Agonist,pharmacological_orthosteric_ligand,X-RAY DIFFRACTION,4.1,2.2,3.5,12.3,1.0,25,17,3 4 5 6 7 45,3x29 3x30 3x32 3x33 3x36 3x37 45x51 45x52 4x57 4x61 5x39 5x43 5x44 6x51 6x52 6x55 7x38
Melatonin receptors,6PS8,mtr1a_human,JEY,CHEMBL15060,Agonist,pharmacological_orthosteric_ligand,X-RAY DIFFRACTION,3.2,1.8,2.7,12.1,1.0,25,19,3 4 5 6 7 45,3x29 3x32 3x33 3x36 3x37 45x51 45x52 4x56 4x57 4x61 5x43 5x44 6x48 6x51 6x52 6x55 7x38 7x41 7x42
Melatonin receptors,7DB6,mtr1a_human,JEV,ramelteon,Agonist,pharmacological_orthosteric_ligand,ELECTRON MICROSCOPY,4.1,2.6,3.2,12.4,1.0,25,19,3 4 5 6 7 45,3x29 3x32 3x33 3x36 3x37 45x51 45x52 4x56 4x57 4x62 5x40 5x43 5x44 5x47 6x48 6x51 6x52 6x55 7x38
Melatonin receptors,7VGY,mtr1a_human,ML2,2-iodo-melatonin,Agonist,pharmacological_orthosteric_ligand,ELECTRON MICROSCOPY,3.9,1.8,3.5,12.1,1.0,25,20,3 4 5 6 7 45,3x29 3x32 3x33 3x36 3x37 45x52 4x56 4x57 4x61 5x39 5x40 5x43 5x44 5x461 6x48 6x51 6x52 7x38 7x41 7x42
Melatonin receptors,7VGZ,mtr1a_human,JEV,ramelteon,Agonist,pharmacological_orthosteric_ligand,ELECTRON MICROSCOPY,4.0,2.2,3.3,12.2,1.0,25,20,3 4 5 6 7 45,3x29 3x32 3x33 3x36 3x37 45x51 45x52 4x56 4x57 4x61 5x39 5x40 5x43 5x44 5x461 6x48 6x51 6x52 6x55 7x38
Melatonin receptors,7VH0,mtr1b_human,JEV,ramelteon,Agonist,pharmacological_orthosteric_ligand,ELECTRON MICROSCOPY,4.0,2.1,3.4,12.1,1.0,25,18,3 4 5 6 7 45,3x29 3x32 3x33 3x36 3x37 45x51 45x52 4x57 4x61 5x40 5x43 5x44 5x461 6x48 6x51 6x52 6x55 7x38
Nucleotide receptors,2YDO,aa2ar_human,ADN,adenosine,Agonist,pharmacological_orthosteric_ligand,X-RAY DIFFRACTION,3.7,3.5,1.2,10.8,1.0,31,15,2 3 5 6 7 45,2x60 3x32 3x33 3x36 45x52 5x40 5x43 6x48 6x51 6x52 6x55 7x34 7x38 7x41 7x42
Nucleotide receptors,2YDV,aa2ar_human,NEC,NECA,Agonist,pharmacological_orthosteric_ligand,X-RAY DIFFRACTION,2.9,2.8,0.7,10.7,0.94,31,18,2 3 5 6 7 45,2x60 3x32 3x33 3x36 3x37 3x40 45x52 5x40 5x43 5x461 6x48 6x51 6x52 6x55 7x34 7x38 7x41 7x42
Nucleotide receptors,3EML,aa2ar_human,ZMA,ZM-241385,Antagonist,pharmacological_orthosteric_ligand,X-RAY DIFFRACTION,7.8,7.4,2.5,10.7,1.0,31,12,3 5 6 7 45,3x33 45x52 5x40 5x43 6x48 6x51 6x52 6x55 7x31 7x34 7x35 7x38
Nucleotide receptors,3PWH,aa2ar_human,ZMA,ZM-241385,Antagonist,pharmacological_orthosteric_ligand,X-RAY DIFFRACTION,7.6,6.6,3.8,10.7,0.93,31,14,2 3 5 6 7 45,2x60 2x61 2x63 2x64 3x33 45x52 5x40 6x48 6x51 6x52 6x55 7x34 7x35 7x38
Nucleotide receptors,3QAK,aa2ar_human,UKA,"UK-432,097",Agonist,pharmacological_orthosteric_ligand,X-RAY DIFFRACTION,8.7,7.8,3.9,10.7,1.0,31,26,2 3 5 6 7 45,2x60 2x63 2x64 3x32 3x33 3x36 3x37 3x40 45x51 45x52 5x37 5x40 5x43 5x47 6x48 6x51 6x52 6x54 6x55 6x58 7x31 7x34 7x35 7x38 7x41 7x42
Nucleotide receptors,3REY,aa2ar_human,XAC,xanthine amine congener,Antagonist,pharmacological_orthosteric_ligand,X-RAY DIFFRACTION,8.9,7.4,4.9,10.6,0.89,31,18,1 2 3 5 6 7 45,1x35 2x63 2x64 3x28 3x29 3x30 3x32 3x33 45x52 5x37 5x40 6x51 6x52 6x55 7x31 7x34 7x35 7x38
Nucleotide receptors,3RFM,aa2ar_human,CFF,caffeine,Antagonist,pharmacological_orthosteric_ligand,X-RAY DIFFRACTION,6.0,5.4,2.6,10.8,1.0,31,10,2 3 5 6 7 45,2x60 2x63 3x32 45x52 5x40 6x51 6x55 7x34 7x38 7x42
Nucleotide receptors,3UZA,aa2ar_human,T4G,compound 4g [PMID: 22220592],Antagonist,pharmacological_orthosteric_ligand,X-RAY DIFFRACTION,4.4,4.1,1.6,10.7,1.0,31,16,2 3 5 6 7 45,2x60 2x63 3x32 3x33 45x52 5x37 5x40 5x43 6x48 6x51 6x52 6x55 7x34 7x38 7x41 7x42
Nucleotide receptors,3UZC,aa2ar_human,T4E,CHEMBL2024114,Antagonist,pharmacological_orthosteric_ligand,X-RAY DIFFRACTION,3.9,3.6,1.7,10.7,1.0,31,15,2 3 5 6 7 45,2x56 2x60 3x32 3x33 45x52 5x40 5x43 6x48 6x51 6x52 6x55 7x34 7x38 7x41 7x42
Nucleotide receptors,3VG9,aa2ar_human,ZMA,ZM-241385,Antagonist,pharmacological_orthosteric_ligand,X-RAY DIFFRACTION,7.9,7.5,2.7,10.7,1.0,31,14,3 5 6 7 45,3x32 3x33 45x52 5x40 5x43 6x48 6x51 6x52 6x55 7x30 7x31 7x34 7x35 7x38
Nucleotide receptors,3VGA,aa2ar_human,ZMA,ZM-241385,Antagonist,pharmacological_orthosteric_ligand,X-RAY DIFFRACTION,8.3,7.9,2.5,11.0,1.0,31,12,3 5 6 7 45,3x33 45x51 45x52 5x37 5x40 5x43 6x48 6x51 6x52 6x55 7x34 7x38
Nucleotide receptors,4EIY,aa2ar_human,ZMA,ZM-241385,Antagonist,pharmacological_orthosteric_ligand,X-RAY DIFFRACTION,8.0,7.6,2.6,10.4,1.0,31,14,3 5 6 7 45,3x32 3x33 45x52 5x37 5x40 5x43 6x48 6x51 6x52 6x55 7x31 7x34 7x35 7x38
Nucleotide receptors,4NTJ,p2y12_human,AZJ,AZD1283,Antagonist,pharmacological_orthosteric_ligand,X-RAY DIFFRACTION,7.5,6.3,4.0,11.8,0.5,31,22,3 4 5 6 7,3x29 3x30 3x33 3x34 3x37 4x53 4x56 4x57 4x60 5x36 5x39 5x40 5x43 5x44 6x51 6x54 6x55 6x58 7x30 7x33 7x34 7x37
Nucleotide receptors,4PXZ,p2y12_human,6AD,2MeSADP,Agonist,pharmacological_orthosteric_ligand,X-RAY DIFFRACTION,7.8,6.4,4.3,11.2,0.46,31,24,3 4 5 6 7 45,3x21 3x25 3x26 3x29 3x30 3x33 3x34 3x37 45x50 45x51 4x53 4x56 4x57 4x60 4x64 5x36 5x39 5x40 5x43 6x55 6x58 6x62 7x31 7x34
Nucleotide receptors,4PY0,p2y12_human,6AT,2MeSATP,Agonist (partial),pharmacological_orthosteric_ligand,X-RAY DIFFRACTION,8.1,7.1,3.8,11.6,0.48,31,25,3 4 5 6 7 45,3x21 3x25 3x26 3x29 3x30 3x33 3x34 3x37 45x50 45x51 4x53 4x56 4x57 4x60 4x64 5x36 5x39 5x40 5x43 6x55 6x58 6x62 7x31 7x34 7x35
Nucleotide receptors,4UG2,aa2ar_human,NGI,CGS 21680,Agonist,pharmacological_orthosteric_ligand,X-RAY DIFFRACTION,6.8,6.4,2.5,10.7,0.96,31,23,2 3 5 6 7 45,2x60 2x63 2x64 3x32 3x33 3x36 3x37 3x40 45x51 45x52 5x37 5x40 5x43 5x461 6x48 6x51 6x52 6x55 7x31 7x34 7x38 7x41 7x42
Nucleotide receptors,4UHR,aa2ar_human,NGI,CGS 21680,Agonist,pharmacological_orthosteric_ligand,X-RAY DIFFRACTION,6.9,6.4,2.6,10.8,0.96,31,23,2 3 5 6 7 45,2x60 2x63 3x32 3x33 3x36 3x37 3x40 45x51 45x52 5x37 5x40 5x43 5x461 6x48 6x51 6x52 6x55 7x31 7x34 7x35 7x38 7x41 7x42
Nucleotide receptors,4XNW,p2ry1_human,2ID,MRS2500,Antagonist,pharmacological_orthosteric_ligand,X-RAY DIFFRACTION,15.4,15.0,3.6,11.2,0.67,31,15,1 2 6 7 45,1x31 2x63 45x50 45x51 45x52 6x58 6x61 6x62 7x27 7x28 7x30 7x31 7x34 7x35 7x38
Nucleotide receptors,5G53,aa2ar_human,NEC,NECA,Agonist,pharmacological_orthosteric_ligand,X-RAY DIFFRACTION,2.8,2.7,0.9,10.8,0.95,31,20,2 3 5 6 7 45,2x60 3x32 3x33 3x36 3x37 3x40 45x52 5x37 5x40 5x43 5x461 5x47 6x48 6x51 6x52 6x55 7x34 7x38 7x41 7x42
Nucleotide receptors,5IU4,aa2ar_human,ZMA,ZM-241385,Antagonist,pharmacological_orthosteric_ligand,X-RAY DIFFRACTION,8.0,7.6,2.6,10.4,1.0,31,14,3 5 6 7 45,3x32 3x33 45x52 5x37 5x40 5x43 6x48 6x51 6x52 6x55 7x31 7x34 7x35 7x38
Nucleotide receptors,5IU7,aa2ar_human,6DY,"2-(Furan-2-yl)-5-N-[2-(4-phenylpiperidin-1-yl)ethyl]-1H-[1,2,4]triazolo[1,5-a][1,3,5]triazin-8-ium-5,7-diamine",Antagonist,pharmacological_orthosteric_ligand,X-RAY DIFFRACTION,9.5,8.8,3.7,10.4,1.0,31,15,3 5 6 7 45,3x32 3x33 45x52 5x37 5x40 5x43 6x48 6x51 6x52 6x55 7x30 7x31 7x34 7x35 7x38
Nucleotide receptors,5IU8,aa2ar_human,6DZ,CHEMBL3934661,Antagonist,pharmacological_orthosteric_ligand,X-RAY DIFFRACTION,8.1,7.7,2.7,10.4,1.0,31,14,3 5 6 7 45,3x32 3x33 45x52 5x37 5x40 5x43 6x48 6x51 6x52 6x55 7x31 7x34 7x35 7x38
Nucleotide receptors,5IUA,aa2ar_human,6DX,"2-(Furan-2-yl)-5-N-[3-(4-phenylpiperazin-1-yl)propyl]-1H-[1,2,4]triazolo[1,5-a][1,3,5]triazin-8-ium-5,7-diamine",Antagonist,pharmacological_orthosteric_ligand,X-RAY DIFFRACTION,9.7,8.9,3.7,10.5,1.0,31,15,3 5 6 7 45,3x32 3x33 45x52 5x37 5x40 5x43 6x48 6x51 6x52 6x55 7x30 7x31 7x34 7x35 7x38
Nucleotide receptors,5IUB,aa2ar_human,6DV,CHEMBL184061,Antagonist,pharmacological_orthosteric_ligand,X-RAY DIFFRACTION,9.7,8.9,3.9,10.4,1.0,31,15,3 5 6 7 45,3x32 3x33 45x52 5x37 5x40 5x43 6x48 6x51 6x52 6x55 7x30 7x31 7x34 7x35 7x38
Nucleotide receptors,5JTB,aa2ar_human,ZMA,ZM-241385,Antagonist,pharmacological_orthosteric_ligand,X-RAY DIFFRACTION,8.1,7.6,2.6,10.4,1.0,31,14,3 5 6 7 45,3x32 3x33 45x52 5x37 5x40 5x43 6x48 6x51 6x52 6x55 7x31 7x34 7x35 7x38
Nucleotide receptors,5K2A,aa2ar_human,ZMA,ZM-241385,Antagonist,pharmacological_orthosteric_ligand,X-RAY DIFFRACTION,8.0,7.6,2.6,10.6,1.0,31,13,3 5 6 7 45,3x33 45x52 5x37 5x40 5x43 6x48 6x51 6x52 6x55 7x31 7x34 7x35 7x38
Nucleotide receptors,5K2B,aa2ar_human,ZMA,ZM-241385,Antagonist,pharmacological_orthosteric_ligand,X-RAY DIFFRACTION,8.1,7.7,2.6,10.6,1.0,31,14,3 5 6 7 45,3x33 45x51 45x52 5x37 5x40 5x43 6x48 6x51 6x52 6x55 7x31 7x34 7x35 7x38
Nucleotide receptors,5K2C,aa2ar_human,ZMA,ZM-241385,Antagonist,pharmacological_orthosteric_ligand,X-RAY DIFFRACTION,8.0,7.5,2.6,10.6,1.0,31,13,3 5 6 7 45,3x33 45x52 5x37 5x40 5x43 6x48 6x51 6x52 6x55 7x31 7x34 7x35 7x38
Nucleotide receptors,5K2D,aa2ar_human,ZMA,ZM-241385,Antagonist,pharmacological_orthosteric_ligand,X-RAY DIFFRACTION,8.0,7.6,2.6,10.6,1.0,31,13,3 5 6 7 45,3x33 45x52 5x37 5x40 5x43 6x48 6x51 6x52 6x55 7x31 7x34 7x35 7x38
Nucleotide receptors,5MZJ,aa2ar_human,TEP,theophylline,Antagonist,pharmacological_orthosteric_ligand,X-RAY DIFFRACTION,5.4,5.2,1.5,10.5,1.0,31,11,2 3 5 6 7 45,2x63 3x29 3x32 3x33 45x52 5x40 6x48 6x51 6x55 7x34 7x38
Nucleotide receptors,5MZP,aa2ar_human,CFF,caffeine,Antagonist,pharmacological_orthosteric_ligand,X-RAY DIFFRACTION,5.7,5.3,2.0,10.5,1.0,31,12,2 3 5 6 7 45,2x60 2x63 3x29 3x32 3x33 45x52 5x40 6x48 6x51 6x55 7x34 7x38
Nucleotide receptors,5N2R,aa2ar_human,8JN,PSB36,Antagonist,pharmacological_orthosteric_ligand,X-RAY DIFFRACTION,7.3,6.9,2.2,10.6,1.0,31,20,1 2 3 5 6 7 45,1x35 2x60 2x63 2x64 3x29 3x32 3x33 45x52 5x37 5x40 6x48 6x51 6x54 6x55 6x58 7x34 7x35 7x38 7x41 7x42
Nucleotide receptors,5N2S,aa1r_human,8K8,PSB36,Agonist,pharmacological_orthosteric_ligand,X-RAY DIFFRACTION,5.5,5.2,2.0,11.0,1.0,31,19,1 2 3 5 6 7 45,1x35 2x60 2x63 3x32 3x33 3x36 45x52 5x37 5x40 5x43 6x48 6x51 6x52 6x54 6x55 6x58 7x34 7x38 7x42
Nucleotide receptors,5NLX,aa2ar_human,ZMA,ZM-241385,Antagonist,pharmacological_orthosteric_ligand,X-RAY DIFFRACTION,7.9,7.4,2.5,10.5,1.0,31,13,3 5 6 7 45,3x33 45x52 5x37 5x40 5x43 6x48 6x51 6x52 6x55 7x31 7x34 7x35 7x38
Nucleotide receptors,5NM2,aa2ar_human,ZMA,ZM-241385,Antagonist,pharmacological_orthosteric_ligand,X-RAY DIFFRACTION,8.0,7.5,2.6,10.4,1.0,31,14,3 5 6 7 45,3x32 3x33 45x52 5x37 5x40 5x43 6x48 6x51 6x52 6x55 7x31 7x34 7x35 7x38
Nucleotide receptors,5NM4,aa2ar_human,ZMA,ZM-241385,Antagonist,pharmacological_orthosteric_ligand,X-RAY DIFFRACTION,7.9,7.5,2.6,10.4,1.0,31,14,3 5 6 7 45,3x32 3x33 45x52 5x37 5x40 5x43 6x48 6x51 6x52 6x55 7x31 7x34 7x35 7x38
Nucleotide receptors,5OLG,aa2ar_human,ZMA,ZM-241385,Antagonist,pharmacological_orthosteric_ligand,X-RAY DIFFRACTION,7.9,7.5,2.6,10.4,1.0,31,14,3 5 6 7 45,3x32 3x33 45x52 5x37 5x40 5x43 6x48 6x51 6x52 6x55 7x31 7x34 7x35 7x38
Nucleotide receptors,5OLH,aa2ar_human,9XT,vipadenant,Antagonist,pharmacological_orthosteric_ligand,X-RAY DIFFRACTION,6.0,5.3,2.9,10.6,1.0,31,19,1 2 3 5 6 7 45,1x35 2x60 2x63 2x64 3x29 3x32 3x33 45x52 5x37 5x40 5x43 6x48 6x51 6x52 6x55 7x31 7x34 7x35 7x38
Nucleotide receptors,5OLO,aa2ar_human,9XW,tozadenant,Antagonist,pharmacological_orthosteric_ligand,X-RAY DIFFRACTION,6.8,6.5,2.0,10.8,0.94,31,18,1 2 3 5 6 7 45,1x35 2x60 2x63 3x28 3x29 3x32 3x33 45x52 5x37 5x40 6x48 6x51 6x52 6x54 6x55 6x58 7x34 7x38
Nucleotide receptors,5OLV,aa2ar_human,9Y2,CHEMBL1671936,Antagonist,pharmacological_orthosteric_ligand,X-RAY DIFFRACTION,7.4,6.4,3.6,10.5,1.0,31,18,1 2 3 5 6 7 45,1x35 2x60 2x63 2x64 3x32 3x33 45x51 45x52 5x40 5x43 6x48 6x51 6x52 6x55 7x31 7x34 7x35 7x38
Nucleotide receptors,5OLZ,aa2ar_human,T4E,CHEMBL2024114,Antagonist,pharmacological_orthosteric_ligand,X-RAY DIFFRACTION,4.0,3.6,1.7,10.5,1.0,31,18,2 3 5 6 7 45,2x56 2x60 2x63 3x29 3x32 3x33 45x52 5x37 5x40 5x43 6x48 6x51 6x52 6x55 7x34 7x38 7x41 7x42
Nucleotide receptors,5OM1,aa2ar_human,T4E,CHEMBL2024114,Antagonist,pharmacological_orthosteric_ligand,X-RAY DIFFRACTION,4.0,3.6,1.7,10.6,1.0,31,17,2 3 5 6 7 45,2x56 2x60 2x63 3x32 3x33 45x52 5x37 5x40 5x43 6x48 6x51 6x52 6x55 7x34 7x38 7x41 7x42
Nucleotide receptors,5OM4,aa2ar_human,T4E,CHEMBL2024114,Antagonist,pharmacological_orthosteric_ligand,X-RAY DIFFRACTION,4.0,3.6,1.7,10.5,1.0,31,18,2 3 5 6 7 45,2x56 2x60 2x63 3x29 3x32 3x33 45x52 5x37 5x40 5x43 6x48 6x51 6x52 6x55 7x34 7x38 7x41 7x42
Nucleotide receptors,5UIG,aa2ar_human,8D1,"5-Amino-N-[(2-Methoxyphenyl)methyl]-2-(3-Methylphenyl)-2h-1,2,3-Triazole-4-Carboximidamide",Antagonist,pharmacological_orthosteric_ligand,X-RAY DIFFRACTION,6.5,5.7,3.2,10.8,0.95,31,20,1 2 3 5 6 7 45,1x35 2x60 2x61 2x63 2x64 3x32 3x33 3x36 45x51 45x52 5x40 5x43 6x48 6x51 6x52 6x55 7x31 7x34 7x35 7x38
Nucleotide receptors,5UVI,aa2ar_human,ZMA,ZM-241385,Antagonist,pharmacological_orthosteric_ligand,X-RAY DIFFRACTION,8.1,7.7,2.5,10.5,1.0,31,14,3 5 6 7 45,3x33 45x51 45x52 5x37 5x40 5x43 6x48 6x51 6x52 6x55 7x31 7x34 7x35 7x38
Nucleotide receptors,5VRA,aa2ar_human,ZMA,ZM-241385,Antagonist,pharmacological_orthosteric_ligand,X-RAY DIFFRACTION,7.9,7.5,2.6,10.4,1.0,31,13,3 5 6 7 45,3x33 45x52 5x37 5x40 5x43 6x48 6x51 6x52 6x55 7x31 7x34 7x35 7x38
Nucleotide receptors,5WF5,aa2ar_human,UKA,"UK-432,097",Agonist,pharmacological_orthosteric_ligand,X-RAY DIFFRACTION,8.7,7.8,3.9,10.7,1.0,31,27,1 2 3 5 6 7 45,1x35 2x60 2x63 2x64 3x32 3x33 3x36 3x37 3x40 45x51 45x52 5x37 5x40 5x43 5x47 6x48 6x51 6x52 6x54 6x55 6x58 7x31 7x34 7x35 7x38 7x41 7x42
Nucleotide receptors,5WF6,aa2ar_human,UKA,"UK-432,097",Agonist,pharmacological_orthosteric_ligand,X-RAY DIFFRACTION,8.7,7.8,3.9,11.0,1.0,31,24,2 3 5 6 7 45,2x60 2x63 2x64 3x32 3x33 3x36 3x37 45x51 45x52 5x40 5x43 5x47 6x48 6x51 6x52 6x54 6x55 6x58 7x31 7x34 7x35 7x38 7x41 7x42
Nucleotide receptors,6AQF,aa2ar_human,ZMA,ZM-241385,Antagonist,pharmacological_orthosteric_ligand,X-RAY DIFFRACTION,8.1,7.7,2.6,10.5,1.0,31,14,3 5 6 7 45,3x32 3x33 45x52 5x37 5x40 5x43 6x48 6x51 6x52 6x55 7x31 7x34 7x35 7x38
Nucleotide receptors,6D9H,aa1r_human,ADN,adenosine,Agonist,pharmacological_orthosteric_ligand,ELECTRON MICROSCOPY,4.0,3.7,1.4,10.9,1.0,31,15,3 5 6 7 45,3x32 3x33 3x36 45x52 5x37 5x40 5x43 6x48 6x51 6x52 6x55 7x34 7x38 7x41 7x42
Nucleotide receptors,6GDG,aa2ar_human,NEC,NECA,Agonist,pharmacological_orthosteric_ligand,ELECTRON MICROSCOPY,2.8,2.7,0.9,10.9,0.95,31,20,2 3 5 6 7 45,2x60 3x32 3x33 3x36 3x37 3x40 45x52 5x37 5x40 5x43 5x461 5x47 6x48 6x51 6x52 6x55 7x34 7x38 7x41 7x42
Nucleotide receptors,6GT3,aa2ar_human,F9Q,imaradenant,Antagonist,pharmacological_orthosteric_ligand,X-RAY DIFFRACTION,4.1,3.8,1.5,10.6,0.9,31,20,2 3 5 6 7 45,2x59 2x60 2x63 3x28 3x29 3x32 3x33 3x36 45x52 5x37 5x40 5x43 6x48 6x51 6x52 6x55 7x34 7x38 7x41 7x42
Nucleotide receptors,6JZH,aa2ar_human,ZMA,ZM-241385,Antagonist,pharmacological_orthosteric_ligand,X-RAY DIFFRACTION,8.0,7.6,2.6,10.5,1.0,31,13,3 5 6 7 45,3x33 45x52 5x37 5x40 5x43 6x48 6x51 6x52 6x55 7x31 7x34 7x35 7x38
Nucleotide receptors,6LPJ,aa2ar_human,ZMA,ZM-241385,Antagonist,pharmacological_orthosteric_ligand,X-RAY DIFFRACTION,7.9,7.5,2.6,10.5,1.0,31,13,3 5 6 7 45,3x33 45x52 5x37 5x40 5x43 6x48 6x51 6x52 6x55 7x31 7x34 7x35 7x38
Nucleotide receptors,6LPK,aa2ar_human,ZMA,ZM-241385,Antagonist,pharmacological_orthosteric_ligand,X-RAY DIFFRACTION,7.9,7.5,2.6,10.5,1.0,31,13,3 5 6 7 45,3x33 45x52 5x37 5x40 5x43 6x48 6x51 6x52 6x55 7x31 7x34 7x35 7x38
Nucleotide receptors,6LPL,aa2ar_human,ZMA,ZM-241385,Antagonist,pharmacological_orthosteric_ligand,X-RAY DIFFRACTION,8.0,7.6,2.5,10.4,1.0,31,13,3 5 6 7 45,3x33 45x52 5x37 5x40 5x43 6x48 6x51 6x52 6x55 7x31 7x34 7x35 7x38
Nucleotide receptors,6MH8,aa2ar_human,ZMA,ZM-241385,Antagonist,pharmacological_orthosteric_ligand,X-RAY DIFFRACTION,8.6,8.1,3.0,10.5,1.0,31,14,3 5 6 7 45,3x32 3x33 45x51 45x52 5x37 5x40 6x48 6x51 6x52 6x54 6x55 7x31 7x34 7x38
Nucleotide receptors,6PS7,aa2ar_human,ZMA,ZM-241385,Antagonist,pharmacological_orthosteric_ligand,X-RAY DIFFRACTION,8.0,7.6,2.6,10.5,1.0,31,13,3 5 6 7 45,3x33 45x52 5x37 5x40 5x43 6x48 6x51 6x52 6x55 7x31 7x34 7x35 7x38
Nucleotide receptors,6S0L,aa2ar_human,ZMA,ZM-241385,Antagonist,pharmacological_orthosteric_ligand,X-RAY DIFFRACTION,7.9,7.5,2.6,10.5,1.0,31,14,3 5 6 7 45,3x32 3x33 45x52 5x37 5x40 5x43 6x48 6x51 6x52 6x55 7x31 7x34 7x35 7x38
Nucleotide receptors,6S0Q,aa2ar_human,ZMA,ZM-241385,Antagonist,pharmacological_orthosteric_ligand,X-RAY DIFFRACTION,7.9,7.5,2.6,10.5,1.0,31,14,3 5 6 7 45,3x32 3x33 45x52 5x37 5x40 5x43 6x48 6x51 6x52 6x55 7x31 7x34 7x35 7x38
Nucleotide receptors,6WQA,aa2ar_human,ZMA,ZM-241385,Antagonist,pharmacological_orthosteric_ligand,X-RAY DIFFRACTION,8.0,7.6,2.5,10.6,1.0,31,13,3 5 6 7 45,3x33 45x52 5x37 5x40 5x43 6x48 6x51 6x52 6x55 7x31 7x34 7x35 7x38
Nucleotide receptors,6ZDR,aa2ar_human,QGE,CHEMBL2030687,Antagonist,pharmacological_orthosteric_ligand,X-RAY DIFFRACTION,7.5,7.0,2.7,10.5,1.0,31,15,2 3 5 6 7 45,2x63 2x64 3x32 3x33 45x52 5x40 5x43 6x48 6x51 6x52 6x55 7x31 7x34 7x35 7x38
Nucleotide receptors,6ZDV,aa2ar_human,QGW,2-Methyl-3-(4-methylthiazol-2-yl)-4-oxo-6-propyl-4H-chromen-7-yl acetate,Antagonist,pharmacological_orthosteric_ligand,X-RAY DIFFRACTION,7.1,6.3,3.2,10.6,0.95,31,20,1 2 3 5 6 7 45,1x35 2x60 2x61 2x63 2x64 3x32 3x33 45x50 45x51 45x52 5x37 5x40 6x48 6x51 6x52 6x55 7x31 7x34 7x35 7x38
Nucleotide receptors,7ARO,aa2ar_human,RVZ,CHEMBL124345,Agonist (partial),pharmacological_orthosteric_ligand,X-RAY DIFFRACTION,7.1,6.3,3.3,10.5,1.0,31,15,2 3 5 6 7 45,2x60 2x63 2x64 3x32 3x33 45x52 5x40 6x48 6x51 6x55 7x31 7x34 7x35 7x38 7x42
Nucleotide receptors,7EZC,aa2ar_human,UKA,"UK-432,097",Agonist,pharmacological_orthosteric_ligand,X-RAY DIFFRACTION,8.7,7.9,3.7,11.0,0.96,31,27,2 3 5 6 7 45,2x60 2x63 2x64 3x32 3x33 3x36 3x37 3x40 45x51 45x52 5x37 5x40 5x43 5x461 5x47 6x48 6x51 6x52 6x54 6x55 6x58 7x31 7x34 7x35 7x38 7x41 7x42
Nucleotide receptors,7LD3,aa1r_human,ADN,adenosine,Agonist,pharmacological_orthosteric_ligand,ELECTRON MICROSCOPY,3.9,3.6,1.5,10.8,1.0,31,17,2 3 5 6 7 45,2x56 2x60 3x32 3x33 3x36 45x52 5x37 5x40 5x43 6x48 6x51 6x52 6x55 7x34 7x38 7x41 7x42
Nucleotide receptors,7LD4,aa1r_human,ADN,adenosine,Agonist,pharmacological_orthosteric_ligand,ELECTRON MICROSCOPY,3.6,3.4,1.3,10.6,1.0,31,16,2 3 5 6 7 45,2x56 2x60 3x32 3x33 3x36 45x52 5x37 5x40 5x43 6x48 6x51 6x55 7x34 7x38 7x41 7x42
Nucleotide receptors,7PP1,p2y12_human,7Y5,selatogrel,Antagonist,pharmacological_orthosteric_ligand,X-RAY DIFFRACTION,8.6,7.2,4.7,11.6,0.45,31,22,3 4 5 6 7,3x30 3x33 3x34 3x37 4x53 4x56 4x57 4x60 5x36 5x39 5x40 5x43 5x46 6x51 6x54 6x55 6x58 6x59 7x30 7x33 7x34 7x37
Nucleotide receptors,7PX4,aa2ar_human,8E2,Preladenant conjugate PSB-2113,Antagonist,pharmacological_orthosteric_ligand,X-RAY DIFFRACTION,12.8,11.7,5.1,10.5,0.85,31,20,1 2 3 5 6 7 45,1x28 2x63 2x64 2x65 2x66 3x33 45x51 45x52 5x37 5x40 5x43 6x48 6x51 6x52 6x55 7x30 7x31 7x34 7x35 7x38
Nucleotide receptors,7PYR,aa2ar_human,8IM,Preladenant conjugate PSB-2115,Antagonist,pharmacological_orthosteric_ligand,X-RAY DIFFRACTION,12.8,11.7,5.1,10.4,0.9,31,20,2 3 5 6 7 45,2x63 2x64 2x65 2x66 3x32 3x33 45x51 45x52 5x37 5x40 5x43 6x48 6x51 6x52 6x55 7x30 7x31 7x34 7x35 7x38
Nucleotide receptors,7RM5,aa2ar_human,ZMA,ZM-241385,Antagonist,pharmacological_orthosteric_ligand,ELECTRON CRYSTALLOGRAPHY,7.9,7.4,2.7,10.6,1.0,31,13,3 5 6 7 45,3x33 45x51 45x52 5x40 5x43 6x48 6x51 6x52 6x55 7x31 7x34 7x35 7x38
Nucleotide receptors,7T32,aa2ar_human,ZMA,ZM-241385,Antagonist,pharmacological_orthosteric_ligand,ELECTRON MICROSCOPY,8.4,7.8,3.1,11.1,1.0,31,12,3 5 6 7 45,3x33 45x52 5x40 5x43 6x48 6x51 6x52 6x55 7x31 7x34 7x35 7x38
Nucleotide receptors,7XXH,p2ry1_human,6AD,2MeSADP,Agonist,pharmacological_orthosteric_ligand,ELECTRON MICROSCOPY,13.8,12.9,4.6,11.9,0.83,31,12,2 3 5 6 7 45,2x63 2x64 3x29 45x50 45x51 45x52 5x33 6x62 7x31 7x34 7x35 7x38
Nucleotide receptors,7XXI,p2y12_human,6AD,2MeSADP,Agonist,pharmacological_orthosteric_ligand,ELECTRON MICROSCOPY,7.6,6.7,3.6,11.5,0.46,31,24,3 4 5 6 7 45,3x21 3x25 3x26 3x29 3x30 3x33 3x34 3x37 45x50 45x51 4x53 4x56 4x57 4x60 4x64 5x36 5x39 5x40 5x43 6x55 6x58 6x62 7x31 7x34
Nucleotide receptors,7XY6,aa2br_human,I5D,BAY 60-6583,Agonist,pharmacological_orthosteric_ligand,ELECTRON MICROSCOPY,4.4,3.9,2.0,11.0,1.0,31,21,1 2 3 5 6 7 45,1x35 2x60 2x63 2x64 3x32 3x33 3x36 3x37 3x40 45x52 5x40 5x43 5x47 6x48 6x51 6x52 6x55 7x34 7x35 7x38 7x42
Nucleotide receptors,7XY7,aa2br_human,NEC,NECA,Agonist,pharmacological_orthosteric_ligand,ELECTRON MICROSCOPY,2.9,2.7,1.0,11.1,1.0,31,18,3 5 6 7 45,3x32 3x33 3x36 3x37 3x40 45x52 5x37 5x40 5x43 5x47 6x48 6x51 6x52 6x55 7x34 7x38 7x41 7x42
Nucleotide receptors,8A2O,aa2ar_human,TEP,theophylline,Antagonist,pharmacological_orthosteric_ligand,X-RAY DIFFRACTION,5.6,5.4,1.7,10.8,1.0,31,12,2 3 5 6 7 45,2x63 3x29 3x32 3x33 45x52 5x37 5x40 6x48 6x51 6x55 7x34 7x38
Nucleotide receptors,8A2P,aa2ar_human,9Y2,CHEMBL1671936,Antagonist,pharmacological_orthosteric_ligand,X-RAY DIFFRACTION,7.5,6.6,3.7,10.7,0.94,31,18,2 3 5 6 7 45,2x59 2x60 2x63 2x64 3x32 3x33 45x51 45x52 5x40 5x43 6x48 6x51 6x52 6x55 7x31 7x34 7x35 7x38
Nucleotide receptors,8C9W,aa2ar_human,U30,AB928,Antagonist,pharmacological_orthosteric_ligand,X-RAY DIFFRACTION,6.4,5.5,3.2,10.5,1.0,31,20,1 2 3 5 6 7 45,1x35 2x60 2x63 2x64 3x32 3x33 3x36 45x51 45x52 5x37 5x40 5x43 6x48 6x51 6x52 6x55 7x31 7x34 7x35 7x38
Nucleotide receptors,8CIC,aa2ar_human,U30,AB928,Antagonist,pharmacological_orthosteric_ligand,X-RAY DIFFRACTION,6.6,5.7,3.4,10.5,1.0,31,20,1 2 3 5 6 7 45,1x35 2x60 2x63 2x64 3x32 3x33 3x36 45x51 45x52 5x37 5x40 5x43 6x48 6x51 6x52 6x55 7x31 7x34 7x35 7x38
Nucleotide receptors,8CU6,aa2ar_human,LJX,LJ-4517,Antagonist,pharmacological_orthosteric_ligand,X-RAY DIFFRACTION,5.9,5.3,2.6,10.5,1.0,31,22,1 2 3 5 6 7 45,1x35 2x60 2x63 2x64 3x29 3x32 3x33 45x51 45x52 5x37 5x40 5x43 6x48 6x51 6x52 6x55 7x31 7x34 7x35 7x38 7x41 7x42
Nucleotide receptors,8CU7,aa2ar_human,LJX,LJ-4517,Antagonist,pharmacological_orthosteric_ligand,X-RAY DIFFRACTION,5.7,5.0,2.7,10.5,1.0,31,21,2 3 5 6 7 45,2x56 2x60 2x63 2x64 3x29 3x32 3x33 45x52 5x37 5x40 5x43 6x48 6x51 6x52 6x55 7x31 7x34 7x35 7x38 7x41 7x42
Nucleotide receptors,8DU3,aa2ar_human,TKO,CHEMBL5206530,Antagonist,pharmacological_orthosteric_ligand,X-RAY DIFFRACTION,4.6,4.4,1.3,10.6,1.0,31,15,2 3 5 6 7 45,2x60 2x63 3x32 3x33 45x52 5x37 5x40 5x43 6x48 6x51 6x52 6x55 7x34 7x38 7x42
Nucleotide receptors,8FYN,aa2ar_human,ZMA,ZM-241385,Antagonist,pharmacological_orthosteric_ligand,ELECTRON CRYSTALLOGRAPHY,8.0,7.5,2.6,10.3,1.0,31,14,3 5 6 7 45,3x32 3x33 45x52 5x37 5x40 5x43 6x48 6x51 6x52 6x55 7x31 7x34 7x35 7x38
Nucleotide receptors,8GNE,aa2ar_human,JQR,Sipagladenant,Inverse agonist,pharmacological_orthosteric_ligand,X-RAY DIFFRACTION,6.0,5.8,1.6,10.4,0.9,31,20,2 3 5 6 7 45,2x56 2x59 2x60 2x63 3x28 3x29 3x32 3x33 45x52 5x37 5x40 5x43 6x48 6x51 6x52 6x54 6x55 6x58 7x34 7x38
Nucleotide receptors,8GNG,aa2ar_human,JQ9,istradefylline,Antagonist,pharmacological_orthosteric_ligand,X-RAY DIFFRACTION,8.6,7.8,3.6,10.8,1.0,31,17,2 3 5 6 7 45,2x60 2x63 2x64 3x29 3x32 3x33 45x51 45x52 5x40 6x48 6x51 6x55 7x31 7x34 7x35 7x38 7x42
Nucleotide receptors,8HDO,aa2br_human,I5D,BAY 60-6583,Agonist,pharmacological_orthosteric_ligand,ELECTRON MICROSCOPY,5.1,4.5,2.3,10.8,1.0,31,24,1 2 3 5 6 7 45,1x35 2x60 2x63 2x64 3x32 3x33 3x36 3x37 3x40 45x51 45x52 5x37 5x40 5x43 5x47 6x48 6x51 6x52 6x55 7x34 7x35 7x38 7x41 7x42
Nucleotide receptors,8HDP,aa2br_human,ADN,adenosine,Agonist,pharmacological_orthosteric_ligand,ELECTRON MICROSCOPY,3.7,3.3,1.6,10.9,1.0,31,18,2 3 5 6 7 45,2x60 3x32 3x33 3x36 45x51 45x52 5x37 5x40 5x43 6x48 6x51 6x52 6x54 6x55 7x34 7x38 7x41 7x42
Nucleotide receptors,8JWY,aa2ar_human,VBF,CHEMBL5440290,Antagonist,pharmacological_orthosteric_ligand,X-RAY DIFFRACTION,6.6,5.5,3.6,11.0,1.0,31,20,1 2 3 5 6 7 45,1x35 2x60 2x63 2x64 3x32 3x33 3x36 45x52 5x37 5x40 5x43 6x48 6x51 6x52 6x55 7x31 7x34 7x35 7x38 7x42
Nucleotide receptors,8JWZ,aa2ar_human,U30,AB928,Antagonist,pharmacological_orthosteric_ligand,X-RAY DIFFRACTION,6.5,5.4,3.5,10.8,1.0,31,20,1 2 3 5 6 7 45,1x35 2x60 2x63 2x64 3x32 3x33 3x36 45x51 45x52 5x37 5x40 5x43 6x48 6x51 6x52 6x55 7x31 7x34 7x35 7x38
Nucleotide receptors,8PWN,aa2ar_human,TEP,theophylline,Antagonist,pharmacological_orthosteric_ligand,X-RAY DIFFRACTION,5.4,5.2,1.5,10.5,1.0,31,11,2 3 5 6 7 45,2x63 3x29 3x32 3x33 45x52 5x40 6x48 6x51 6x55 7x34 7x38
Nucleotide receptors,8RLN,aa2ar_human,A1H1S,CHEMBL122622,Agonist (partial),pharmacological_orthosteric_ligand,X-RAY DIFFRACTION,6.2,5.2,3.3,10.6,1.0,31,18,1 2 3 5 6 7 45,1x35 2x60 2x63 2x64 3x32 3x33 3x36 45x52 5x40 6x48 6x51 6x55 7x31 7x34 7x35 7x38 7x41 7x42
Nucleotide receptors,8RQQ,aa2ar_human,ZMA,ZM-241385,Antagonist,pharmacological_orthosteric_ligand,X-RAY DIFFRACTION,8.1,7.7,2.6,10.6,1.0,31,14,3 5 6 7 45,3x32 3x33 45x52 5x37 5x40 5x43 6x48 6x51 6x52 6x55 7x31 7x34 7x35 7x38
Nucleotide receptors,8UGW,aa2ar_human,NGI,CGS 21680,Agonist,pharmacological_orthosteric_ligand,X-RAY DIFFRACTION,7.1,6.5,2.8,10.8,1.0,31,22,2 3 5 6 7 45,2x60 2x63 2x64 3x32 3x33 3x36 3x37 3x40 45x51 45x52 5x40 5x43 5x47 6x48 6x51 6x52 6x55 7x34 7x35 7x38 7x41 7x42
Nucleotide receptors,8WDT,aa2ar_human,WCH,"(2S,3S,4R,5R)-5-(6-amino-2-((E)-phenyldiazenyl)-9H-purin-9-yl)-N-ethyl-3,4-dihydroxytetrahydrofuran-2-carboxamide",Agonist,pharmacological_orthosteric_ligand,X-RAY DIFFRACTION,5.1,4.6,2.3,10.7,0.96,31,25,2 3 5 6 7 45,2x60 2x63 2x64 3x32 3x33 3x36 3x37 3x40 45x51 45x52 5x37 5x40 5x43 5x461 5x47 6x48 6x51 6x52 6x55 7x31 7x34 7x35 7x38 7x41 7x42
Nucleotide receptors,8WJX,p2ry1_human,ADP,ADP,Agonist,pharmacological_orthosteric_ligand,ELECTRON MICROSCOPY,14.0,13.0,5.3,11.5,0.73,31,15,1 2 3 6 7 45,1x31 2x63 2x64 3x29 45x50 45x51 45x52 6x58 6x61 6x62 7x27 7x31 7x34 7x35 7x38
Nucleotide receptors,8X16,aa3r_human,Q8L,piclidenoson,Agonist,pharmacological_orthosteric_ligand,ELECTRON MICROSCOPY,5.4,5.0,1.8,11.0,1.0,31,18,3 5 6 7 45,3x32 3x33 3x36 3x37 3x40 45x52 5x37 5x40 5x43 5x47 6x48 6x51 6x55 6x58 7x34 7x38 7x41 7x42
Nucleotide receptors,8X17,aa3r_human,XS0,Cl-IB-MECA,Agonist,pharmacological_orthosteric_ligand,ELECTRON MICROSCOPY,5.9,5.4,2.4,10.6,1.0,31,23,1 2 3 5 6 7 45,1x35 2x56 2x60 2x63 3x32 3x33 3x36 3x37 3x40 45x51 45x52 5x40 5x43 5x47 6x48 6x51 6x55 7x31 7x34 7x35 7x38 7x41 7x42
Steroid receptors,7CFM,gpbar_human,FWX,CHEMBL2331646,Agonist,pharmacological_orthosteric_ligand,ELECTRON MICROSCOPY,4.8,4.6,1.5,10.4,1.0,41,18,2 3 5 6 7 45,2x60 2x63 3x29 3x32 3x33 3x36 3x37 45x52 5x40 5x43 5x44 5x47 6x51 6x55 6x58 6x59 6x62 7x42
Steroid receptors,7CFN,gpbar_human,FX0,INT-777,Agonist;PAM,pharmacological_orthosteric_ligand;positive_allosteric_modulator,ELECTRON MICROSCOPY,6.4,6.3,1.2,10.8,1.0,41,33,2 3 4 5 6 7 45,2x42 2x60 2x63 3x29 3x32 3x33 3x36 3x37 3x41 3x44 3x45 3x48 3x49 3x52 45x52 4x45 4x48 4x49 4x52 4x53 5x40 5x43 5x47 6x51 6x55 6x58 6x61 6x62 7x31 7x34 7x35 7x38 7x42
Steroid receptors,7XTQ,gpbar_human,H8I,CHEMBL2181246,Agonist,pharmacological_orthosteric_ligand,ELECTRON MICROSCOPY,4.4,4.3,1.0,10.5,1.0,41,19,2 3 5 6 7 45,2x60 2x63 3x29 3x32 3x33 3x36 3x37 45x52 5x40 5x43 5x44 5x47 6x51 6x54 6x55 6x58 6x62 7x38 7x42
Steroid receptors,8XOF,gper1_human,A1LVW,"N1-(7-Chloroquinolin-4-yl)-N2-(2-((7-chloroquinolin-4-yl)amino)ethyl)-N2-methylethane-1,2-diamine",Agonist,pharmacological_orthosteric_ligand,ELECTRON MICROSCOPY,7.5,7.3,1.4,11.3,1.0,41,18,2 3 5 6 7,2x53 2x60 3x29 3x32 3x33 3x36 5x40 5x43 6x48 6x51 6x54 6x55 6x58 7x28 7x29 7x38 7x41 7x42
Steroid receptors,9GYO,gpbar_human,FWX,CHEMBL2331646,Agonist,pharmacological_orthosteric_ligand,ELECTRON MICROSCOPY,4.6,4.3,1.7,10.8,1.0,41,17,2 3 5 6 7 45,2x60 2x63 3x29 3x32 3x33 3x36 45x52 5x40 5x43 5x44 5x47 6x51 6x55 6x58 6x59 6x62 7x42
Alicarboxylic acid receptors,6RNK,sucr1_rat,KAZ,NF-56-EJ40,Antagonist,pharmacological_orthosteric_ligand,X-RAY DIFFRACTION,11.2,8.2,7.7,11.2,0.84,20,19,1 2 3 6 7 23 45,1x31 1x35 1x39 23x49 23x50 2x60 2x63 2x64 2x67 3x24 3x25 3x28 3x29 3x32 3x33 45x50 6x51 7x38 7x42
Alicarboxylic acid receptors,6Z10,sucr1_rat,Q4T,CHEMBL4751488,Antagonist,pharmacological_orthosteric_ligand,X-RAY DIFFRACTION,11.2,8.0,7.8,11.1,0.9,20,20,1 2 3 6 7 23 45,1x35 1x39 23x49 23x50 2x60 2x63 2x64 2x67 3x24 3x25 3x28 3x29 3x32 3x33 3x36 45x50 45x51 6x51 7x38 7x42
Alicarboxylic acid receptors,7XK2,hcar2_human,FI7,MK 6892,Agonist,pharmacological_orthosteric_ligand,ELECTRON MICROSCOPY,6.1,4.1,4.4,11.7,0.6,20,20,2 3 4 5 7 45,2x60 2x64 3x29 3x32 3x33 3x36 3x37 45x50 45x51 45x52 4x56 4x57 4x60 5x40 5x43 5x44 5x461 7x35 7x38 7x42
Alicarboxylic acid receptors,8H2G,hcar2_human,NIO,nicotinic acid,Agonist,pharmacological_orthosteric_ligand,ELECTRON MICROSCOPY,6.4,4.9,4.2,11.5,1.0,20,10,2 3 7 45,2x60 2x64 3x32 3x33 3x36 45x50 45x51 45x52 7x38 7x42
Alicarboxylic acid receptors,8I7V,hcar2_human,OJX,5-Methyl-4-oxidanyl-pyrazin-4-ium-2-carboxylic acid,Agonist,pharmacological_orthosteric_ligand,ELECTRON MICROSCOPY,7.1,5.4,4.5,11.5,1.0,20,12,2 3 7 45,2x60 2x64 3x29 3x32 3x33 3x36 45x50 45x51 45x52 7x35 7x38 7x42
Alicarboxylic acid receptors,8I7W,hcar2_human,OKL,GSK256073,Agonist,pharmacological_orthosteric_ligand,ELECTRON MICROSCOPY,7.9,5.9,5.2,11.7,0.94,20,16,2 3 7 23 45,23x50 2x60 2x63 2x64 3x28 3x29 3x32 3x33 3x36 45x50 45x51 45x52 7x35 7x38 7x39 7x42
Alicarboxylic acid receptors,8IHB,hcar2_human,OKL,GSK256073,Agonist,pharmacological_orthosteric_ligand,ELECTRON MICROSCOPY,7.9,5.6,5.5,11.5,0.93,20,15,1 2 3 7 45,1x39 2x60 2x63 2x64 3x28 3x29 3x32 3x36 45x50 45x51 45x52 7x35 7x38 7x39 7x42
Alicarboxylic acid receptors,8IHF,hcar2_human,FI7,MK 6892,Agonist,pharmacological_orthosteric_ligand,ELECTRON MICROSCOPY,6.3,4.0,4.9,11.3,0.59,20,22,2 3 4 5 7 45,2x60 2x64 3x28 3x29 3x32 3x33 3x36 3x37 45x50 45x51 45x52 4x56 4x57 4x59 4x60 5x39 5x40 5x43 5x461 7x35 7x38 7x42
Alicarboxylic acid receptors,8IHH,hcar2_human,P8A,5-butyl-1H-pyrazole-3-carboxylic acid,Agonist,pharmacological_orthosteric_ligand,ELECTRON MICROSCOPY,8.0,5.9,5.3,11.5,0.93,20,15,2 3 5 7 45,2x60 2x63 2x64 3x28 3x29 3x32 3x33 3x36 45x50 45x51 45x52 5x40 7x35 7x38 7x42
Alicarboxylic acid receptors,8IHI,hcar2_human,P9X,(5S)-5-methyl-4-oxo-5-phenylfuran-2-carboxylic acid,Agonist,pharmacological_orthosteric_ligand,ELECTRON MICROSCOPY,8.1,5.8,5.6,11.5,1.0,20,15,2 3 7 23 45,23x50 2x60 2x63 2x64 3x28 3x29 3x32 3x33 3x36 45x50 45x51 45x52 7x35 7x38 7x42
Alicarboxylic acid receptors,8IHJ,hcar3_human,P9X,(5S)-5-methyl-4-oxo-5-phenylfuran-2-carboxylic acid,Agonist,pharmacological_orthosteric_ligand,ELECTRON MICROSCOPY,8.3,6.0,5.7,11.4,1.0,20,15,2 3 7 23 45,23x50 2x60 2x63 2x64 3x28 3x29 3x32 3x33 3x36 45x50 45x51 45x52 7x35 7x38 7x42
Alicarboxylic acid receptors,8IHK,hcar3_human,P9X,(5S)-5-methyl-4-oxo-5-phenylfuran-2-carboxylic acid,Agonist,pharmacological_orthosteric_ligand,ELECTRON MICROSCOPY,8.3,5.5,6.3,11.3,1.0,20,15,2 3 7 23 45,23x50 2x60 2x63 2x64 3x28 3x29 3x32 3x33 3x36 45x50 45x51 45x52 7x35 7x38 7x42
Alicarboxylic acid receptors,8IJA,hcar2_human,NIO,nicotinic acid,Agonist,pharmacological_orthosteric_ligand,ELECTRON MICROSCOPY,6.5,5.0,4.2,11.1,0.92,20,13,2 3 7 45,2x60 2x64 3x29 3x32 3x33 3x36 45x50 45x51 45x52 7x35 7x38 7x41 7x42
Alicarboxylic acid receptors,8IJB,hcar2_human,OJX,5-Methyl-4-oxidanyl-pyrazin-4-ium-2-carboxylic acid,Agonist,pharmacological_orthosteric_ligand,ELECTRON MICROSCOPY,7.1,5.1,4.9,11.5,1.0,20,12,2 3 7 45,2x60 2x64 3x29 3x32 3x33 3x36 45x50 45x51 45x52 7x35 7x38 7x42
Alicarboxylic acid receptors,8IJD,hcar2_human,FI7,MK 6892,Agonist,pharmacological_orthosteric_ligand,ELECTRON MICROSCOPY,5.8,4.0,4.2,11.5,0.5,20,22,2 3 4 5 7 45,2x64 3x29 3x32 3x33 3x36 3x37 45x50 45x51 45x52 4x56 4x57 4x59 4x60 5x39 5x40 5x43 5x44 5x461 7x35 7x38 7x41 7x42
Alicarboxylic acid receptors,8IY9,hcar2_human,NIO,nicotinic acid,Agonist,pharmacological_orthosteric_ligand,ELECTRON MICROSCOPY,7.1,5.1,4.9,11.5,1.0,20,12,2 3 7 45,2x60 2x64 3x29 3x32 3x33 3x36 45x50 45x51 45x52 7x35 7x38 7x42
Alicarboxylic acid receptors,8IYH,hcar2_human,FI7,MK 6892,Agonist,pharmacological_orthosteric_ligand,ELECTRON MICROSCOPY,5.9,3.8,4.5,11.5,0.63,20,19,2 3 4 5 7 45,2x60 2x64 3x29 3x32 3x33 3x36 3x37 45x50 45x51 45x52 4x56 4x57 4x59 5x39 5x40 5x43 7x35 7x38 7x42
Alicarboxylic acid receptors,8IYW,hcar2_human,OKL,GSK256073,Agonist,pharmacological_orthosteric_ligand,ELECTRON MICROSCOPY,7.5,5.5,5.2,11.4,0.92,20,12,2 3 5 7 45,2x64 3x29 3x32 3x33 3x36 45x50 45x51 45x52 5x40 7x35 7x38 7x42
Alicarboxylic acid receptors,8J6I,hcar2_human,FI7,MK 6892,Agonist,pharmacological_orthosteric_ligand,ELECTRON MICROSCOPY,6.2,3.9,4.9,11.8,0.57,20,21,2 3 4 5 7 45,2x60 2x64 3x29 3x32 3x33 3x36 3x37 45x50 45x51 45x52 4x56 4x57 4x59 4x60 5x39 5x40 5x43 5x461 7x35 7x38 7x42
Alicarboxylic acid receptors,8J6J,hcar2_human,OKL,GSK256073,Agonist,pharmacological_orthosteric_ligand,ELECTRON MICROSCOPY,6.6,4.7,4.6,11.6,0.82,20,17,2 3 4 5 7 45,2x60 2x63 2x64 3x28 3x29 3x30 3x32 3x33 3x36 45x50 45x51 45x52 4x60 5x40 7x35 7x38 7x42
Alicarboxylic acid receptors,8J6L,hcar2_human,NIO,nicotinic acid,Agonist,pharmacological_orthosteric_ligand,ELECTRON MICROSCOPY,6.8,5.3,4.3,11.6,1.0,20,11,2 3 7 45,2x60 2x64 3x29 3x32 3x36 45x50 45x51 45x52 7x35 7x38 7x42
Alicarboxylic acid receptors,8J6P,hcar2_human,NIO,nicotinic acid,Agonist,pharmacological_orthosteric_ligand,ELECTRON MICROSCOPY,6.8,5.1,4.5,11.1,0.92,20,13,2 3 5 7 45,2x60 2x64 3x29 3x32 3x33 3x36 45x50 45x51 45x52 5x40 7x35 7x38 7x42
Alicarboxylic acid receptors,8J6Q,hcar2_human,3HR,&beta;-D-hydroxybutyric acid,Agonist,pharmacological_orthosteric_ligand,ELECTRON MICROSCOPY,6.7,5.1,4.4,11.1,0.92,20,13,2 3 5 7 45,2x60 2x64 3x29 3x32 3x33 3x36 45x50 45x51 45x52 5x40 7x35 7x38 7x42
Alicarboxylic acid receptors,8J6R,hcar2_human,FI7,MK 6892,Agonist,pharmacological_orthosteric_ligand,ELECTRON MICROSCOPY,6.4,3.9,5.1,11.4,0.61,20,23,2 3 4 5 7 45,2x60 2x63 2x64 3x28 3x29 3x32 3x33 3x36 3x37 45x50 45x51 45x52 4x56 4x57 4x59 4x60 5x39 5x40 5x43 5x461 7x35 7x38 7x42
Alicarboxylic acid receptors,8JEF,hcar3_human,3HO,3-hydroxyoctanoic acid,Agonist,pharmacological_orthosteric_ligand,ELECTRON MICROSCOPY,9.3,5.7,7.3,11.6,0.9,20,10,1 2 3 7 45,1x39 2x60 2x61 2x63 3x29 3x32 45x50 45x52 7x38 7x42
Alicarboxylic acid receptors,8JEI,hcar3_human,CW3,4-(<i>n</i>-propyl)amino-3-nitrobenzoic acid,Agonist,pharmacological_orthosteric_ligand,ELECTRON MICROSCOPY,8.0,5.8,5.5,11.2,1.0,20,13,2 3 7 23 45,23x50 2x60 2x63 2x64 3x29 3x32 3x33 3x36 45x50 45x51 45x52 7x38 7x42
Alicarboxylic acid receptors,8JER,hcar2_human,OJX,5-Methyl-4-oxidanyl-pyrazin-4-ium-2-carboxylic acid,Agonist,pharmacological_orthosteric_ligand,ELECTRON MICROSCOPY,7.4,5.6,4.8,11.5,1.0,20,11,2 3 7 45,2x63 2x64 3x29 3x32 3x36 45x50 45x51 45x52 7x35 7x38 7x42
Alicarboxylic acid receptors,8JHN,hcar2_human,UR9,monomethyl fumarate,Agonist,pharmacological_orthosteric_ligand,ELECTRON MICROSCOPY,7.5,5.4,5.3,11.8,1.0,20,10,2 3 7 45,2x64 3x29 3x32 3x33 3x36 45x50 45x51 45x52 7x38 7x42
Alicarboxylic acid receptors,8JII,hcar2_human,NIO,nicotinic acid,Agonist,pharmacological_orthosteric_ligand,ELECTRON MICROSCOPY,7.3,5.9,4.4,11.7,0.92,20,13,2 3 5 7 45,2x60 2x64 3x29 3x32 3x33 3x36 45x50 45x51 45x52 5x40 7x35 7x38 7x42
Alicarboxylic acid receptors,8JIL,hcar2_human,NIO,nicotinic acid,Agonist,pharmacological_orthosteric_ligand,ELECTRON MICROSCOPY,7.4,5.8,4.6,11.7,1.0,20,12,2 3 7 45,2x60 2x64 3x29 3x32 3x33 3x36 45x50 45x51 45x52 7x35 7x38 7x42
Alicarboxylic acid receptors,8JIM,hcar2_human,AW9,CHEMBL3354065,Agonist,pharmacological_orthosteric_ligand,ELECTRON MICROSCOPY,7.0,5.3,4.6,11.5,1.0,20,12,2 3 7 45,2x60 2x64 3x29 3x32 3x33 3x36 45x50 45x51 45x52 7x35 7x38 7x42
Alicarboxylic acid receptors,8JPN,sucr1_human,U9S,<i>cis</i>-epoxysuccinic acid,Agonist,pharmacological_orthosteric_ligand,ELECTRON MICROSCOPY,7.7,6.0,4.8,11.7,0.92,20,12,1 2 3 7 45,1x35 1x39 2x60 2x64 3x29 3x32 3x33 45x51 45x52 7x34 7x38 7x42
Alicarboxylic acid receptors,8JPP,sucr1_human,SIN,succinic acid,Agonist,pharmacological_orthosteric_ligand,ELECTRON MICROSCOPY,7.2,5.6,4.6,11.5,0.92,20,13,1 2 3 6 7 45,1x35 1x39 2x60 2x64 3x29 3x32 3x33 45x51 45x52 6x51 7x34 7x38 7x42
Alicarboxylic acid receptors,8JZ7,hcar2_human,FI7,MK 6892,Agonist,pharmacological_orthosteric_ligand,ELECTRON MICROSCOPY,6.4,4.4,4.6,11.8,0.63,20,19,2 3 4 5 7 45,2x60 2x64 3x29 3x32 3x33 3x36 3x37 45x50 45x51 45x52 4x56 4x57 4x60 5x40 5x43 5x461 7x35 7x38 7x42
Alicarboxylic acid receptors,8K5B,hcar2_human,NIO,nicotinic acid,Agonist,pharmacological_orthosteric_ligand,ELECTRON MICROSCOPY,6.4,4.9,4.2,11.5,1.0,20,10,2 3 7 45,2x60 2x64 3x32 3x33 3x36 45x50 45x51 45x52 7x38 7x42
Alicarboxylic acid receptors,8K5C,hcar2_human,OJX,5-Methyl-4-oxidanyl-pyrazin-4-ium-2-carboxylic acid,Agonist,pharmacological_orthosteric_ligand,ELECTRON MICROSCOPY,7.1,5.4,4.5,11.5,1.0,20,12,2 3 7 45,2x60 2x64 3x29 3x32 3x33 3x36 45x50 45x51 45x52 7x35 7x38 7x42
Alicarboxylic acid receptors,8K5D,hcar2_human,OKL,GSK256073,Agonist,pharmacological_orthosteric_ligand,ELECTRON MICROSCOPY,7.9,5.9,5.2,11.7,0.94,20,16,2 3 7 23 45,23x50 2x60 2x63 2x64 3x28 3x29 3x32 3x33 3x36 45x50 45x51 45x52 7x35 7x38 7x39 7x42
Alicarboxylic acid receptors,8WOG,sucr1_human,SIN,succinic acid,Agonist,pharmacological_orthosteric_ligand,ELECTRON MICROSCOPY,7.4,5.5,5.0,11.7,0.92,20,12,1 2 3 6 7 45,1x35 1x39 2x60 2x64 3x29 3x32 3x33 45x52 6x51 7x34 7x38 7x42
Alicarboxylic acid receptors,8WP1,sucr1_human,U9S,<i>cis</i>-epoxysuccinic acid,Agonist,pharmacological_orthosteric_ligand,ELECTRON MICROSCOPY,7.7,5.8,5.0,11.7,0.91,20,11,1 2 3 7 45,1x39 2x60 2x64 3x29 3x32 3x33 45x51 45x52 7x34 7x38 7x42
Alicarboxylic acid receptors,8YKV,sucr1_human,A1LYV,CHEMBL5430997,Agonist,pharmacological_orthosteric_ligand,ELECTRON MICROSCOPY,11.8,9.3,7.3,11.4,1.0,20,15,1 2 3 6 7 23 45,1x39 23x49 23x50 2x60 2x63 2x64 3x25 3x28 3x29 3x32 3x33 45x52 6x51 7x38 7x42
Alicarboxylic acid receptors,8YKW,sucr1_human,SIN,succinic acid,Agonist,pharmacological_orthosteric_ligand,ELECTRON MICROSCOPY,7.6,5.5,5.3,11.6,0.91,20,11,1 2 3 7 45,1x35 1x39 2x60 2x64 3x29 3x32 3x33 45x52 7x34 7x38 7x42
Alicarboxylic acid receptors,8YKX,sucr1_human,MAE,maleic acid,Agonist,pharmacological_orthosteric_ligand,ELECTRON MICROSCOPY,7.6,5.4,5.4,11.5,0.92,20,12,1 2 3 6 7 45,1x35 1x39 2x60 2x64 3x29 3x32 3x33 45x52 6x51 7x34 7x38 7x42
Alicarboxylic acid receptors,9IQT,hcar2_human,NIO,nicotinic acid,Agonist,pharmacological_orthosteric_ligand,ELECTRON MICROSCOPY,6.8,4.9,4.7,11.2,0.92,20,13,2 3 5 7 45,2x60 2x64 3x29 3x32 3x33 3x36 45x50 45x51 45x52 5x40 7x35 7x38 7x42
Sensory receptors,2I35,opsd_bovin,RET,Retinal (11-cis),Inverse agonist,pharmacological_orthosteric_ligand,X-RAY DIFFRACTION,1.3,-0.2,1.2,11.3,1.0,31,19,3 5 6 7 45,3x29 3x32 3x33 3x36 3x37 3x40 45x50 45x51 45x52 5x43 5x461 5x47 6x44 6x48 6x51 6x52 7x38 7x39 7x42
Sensory receptors,2X72,opsd_bovin,RET,Retinal (all-trans),Agonist,pharmacological_orthosteric_ligand,X-RAY DIFFRACTION,3.0,2.1,2.1,11.4,1.0,31,18,3 5 6 7 45,3x28 3x29 3x32 3x33 3x37 45x50 45x51 45x52 5x40 5x43 5x44 5x461 5x47 6x48 6x51 6x52 6x55 7x42
Sensory receptors,6FK6,opsd_bovin,DOK,COMPOUND SUMMARY,Agonist,pharmacological_orthosteric_ligand,X-RAY DIFFRACTION,4.0,-0.3,4.0,12.3,1.0,31,15,3 4 5 6,3x33 3x36 3x37 3x40 4x56 5x40 5x43 5x44 5x461 5x47 6x44 6x47 6x48 6x51 6x55
Sensory receptors,6FK7,opsd_bovin,DO5,"(2~{S})-2-(4-chlorophenyl)-3-methyl-1-spiro[1,3-benzodioxole-2,4'-piperidine]-1'-yl-butan-1-one",Agonist,pharmacological_orthosteric_ligand,X-RAY DIFFRACTION,4.0,-0.4,3.9,12.3,1.0,31,16,3 4 5 6 7,3x33 3x36 3x37 3x40 4x56 5x40 5x43 5x44 5x461 5x47 6x44 6x47 6x48 6x51 6x55 7x34
Sensory receptors,6FK8,opsd_bovin,DNZ,"(2~{R},3~{S})-3-azanyl-2-(4-chlorophenyl)-1-spiro[1,3-benzodioxole-2,4'-piperidine]-1'-yl-butan-1-one",Agonist,pharmacological_orthosteric_ligand,X-RAY DIFFRACTION,3.8,-0.1,3.8,12.2,1.0,31,16,3 4 5 6 7,3x33 3x36 3x37 3x40 4x56 5x40 5x43 5x44 5x461 5x47 6x44 6x47 6x48 6x51 6x55 7x34
Sensory receptors,6FK9,opsd_bovin,DNK,"(2~{S})-3-methyl-2-phenyl-1-spiro[1,3-benzodioxole-2,4'-piperidine]-1'-yl-butan-1-one",Agonist,pharmacological_orthosteric_ligand,X-RAY DIFFRACTION,3.8,-0.2,3.8,12.1,1.0,31,16,3 4 5 6 7,3x33 3x36 3x37 3x40 4x56 5x40 5x43 5x44 5x461 5x47 6x47 6x48 6x51 6x52 6x55 7x41
Sensory receptors,6FKA,opsd_bovin,DN5,"(2~{S})-2-(3,4-dichlorophenyl)-3-methyl-1-spiro[1,3-benzodioxole-2,4'-piperidine]-1'-yl-butan-1-one",Agonist,pharmacological_orthosteric_ligand,X-RAY DIFFRACTION,4.0,-0.6,4.0,12.3,1.0,31,16,3 4 5 6,3x33 3x36 3x37 3x40 4x56 5x40 5x43 5x44 5x461 5x47 5x50 6x44 6x47 6x48 6x51 6x55
Sensory receptors,6FKB,opsd_bovin,DLH,"2-(4-Chlorophenyl)-1-spiro[1,3-benzodioxole-2,4'-piperidine]-1'-yl-ethanone",Agonist,pharmacological_orthosteric_ligand,X-RAY DIFFRACTION,4.4,-0.1,4.4,11.9,1.0,31,13,3 5 6,3x37 3x40 5x40 5x43 5x44 5x461 5x47 6x44 6x47 6x48 6x51 6x54 6x55
Sensory receptors,6FKC,opsd_bovin,DLB,"3-[1'-[(2~{S})-2-(4-chlorophenyl)-3-methyl-butanoyl]spiro[1,3-benzodioxole-2,4'-piperidine]-5-yl]propanoic acid",Agonist,pharmacological_orthosteric_ligand,X-RAY DIFFRACTION,4.6,1.0,4.5,12.2,1.0,31,17,3 4 5 6 7,3x33 3x36 3x37 3x40 4x56 5x40 5x43 5x44 5x461 5x47 6x44 6x47 6x48 6x51 6x55 6x58 7x34
Sensory receptors,6FKD,opsd_bovin,DL2,"5-chloro-2-(2-oxo-2-spiro[1,3-benzodioxole-2,4'-piperidine]-1'-ylethyl)-3H-pyridin-6-one",Agonist,pharmacological_orthosteric_ligand,X-RAY DIFFRACTION,4.6,-0.4,4.6,12.2,1.0,31,14,3 5 6 7,3x37 3x40 5x40 5x43 5x44 5x461 5x47 5x50 6x44 6x47 6x48 6x51 6x55 7x34
Sensory receptors,7MT8,opsd_bovin,RET,Retinal (all-trans),Agonist,pharmacological_orthosteric_ligand,ELECTRON MICROSCOPY,1.6,0.6,1.5,11.6,1.0,31,16,2 3 5 6 7 45,2x53 3x32 3x33 3x36 3x37 45x52 5x40 5x43 5x44 5x461 5x47 6x48 6x51 6x52 6x55 7x42
Sensory receptors,7MT9,opsd_bovin,RET,Retinal (all-trans),Agonist,pharmacological_orthosteric_ligand,ELECTRON MICROSCOPY,1.8,0.9,1.6,11.4,1.0,31,17,3 5 6 7 45,3x32 3x33 3x36 3x37 45x52 5x40 5x43 5x44 5x461 5x47 6x48 6x51 6x52 6x55 7x38 7x41 7x42
Sensory receptors,7MTA,opsd_bovin,RET,Retinal (all-trans),Agonist,pharmacological_orthosteric_ligand,ELECTRON MICROSCOPY,1.8,0.6,1.8,11.8,1.0,31,18,2 3 5 6 7 45,2x53 3x32 3x33 3x36 3x37 45x52 5x40 5x43 5x44 5x461 5x47 6x48 6x51 6x52 6x55 7x38 7x41 7x42
Sensory receptors,7MTB,opsd_bovin,RET,Retinal (all-trans),Agonist,pharmacological_orthosteric_ligand,ELECTRON MICROSCOPY,1.9,0.8,1.7,11.5,1.0,31,17,2 3 5 6 7 45,2x53 3x32 3x33 3x37 45x52 5x40 5x43 5x44 5x461 5x47 6x48 6x51 6x52 6x55 7x38 7x41 7x42
Sensory receptors,8IU2,opsr_human,RET,Retinal (11-cis),Agonist,pharmacological_orthosteric_ligand,ELECTRON MICROSCOPY,2.1,0.4,2.1,11.9,1.0,31,17,2 3 5 6 7 45,2x53 3x32 3x33 3x37 45x52 5x40 5x43 5x44 5x461 5x47 6x48 6x51 6x52 6x55 7x38 7x41 7x42
Orphan receptors,6LI0,gpr52_human,EN6,"derivative 17 [Nakahata <i>et al</i>., 2018]",Agonist,pharmacological_orthosteric_ligand,X-RAY DIFFRACTION,12.7,7.9,9.9,11.4,0.25,14,16,1 2 3 7 45,1x32 1x35 1x36 1x39 2x57 2x61 2x64 3x28 3x32 45x51 7x31 7x34 7x35 7x38 7x39 7x42
Orphan receptors,7S8N,mrgx2_human,8IU,(R)-ZINC-3573,Agonist,pharmacological_orthosteric_ligand,ELECTRON MICROSCOPY,16.3,13.6,8.9,11.6,0.22,14,9,4 5 6,4x60 4x64 5x32 5x33 5x36 5x40 6x55 6x59 6x60
Orphan receptors,7S8O,mrgx2_human,8IU,(R)-ZINC-3573,Agonist,pharmacological_orthosteric_ligand,ELECTRON MICROSCOPY,15.9,13.6,8.3,11.4,0.2,14,10,4 5 6,4x60 4x64 5x32 5x33 5x36 5x40 6x55 6x56 6x59 6x60
Orphan receptors,7S8P,mrgx4_human,8IX,"N-[(1r,3R,5S,7R)-3,5-dimethyltricyclo[3.3.1.1~3,7~]decane-1-carbonyl]-D-phenylalanine",Agonist,pharmacological_orthosteric_ligand,ELECTRON MICROSCOPY,11.5,11.0,3.4,11.2,0.31,14,13,2 3 4 7,2x56 2x59 2x60 2x63 3x22 3x25 3x26 3x28 3x29 3x32 4x61 7x30 7x34
Orphan receptors,7TUY,gp183_human,KKF,"8-[(2E)-3-(4-chlorophenyl)prop-2-enoyl]-3-[(3,4-dichlorophenyl)methyl]-1-oxa-3,8-diazaspiro[4.5]decan-2-one",Inverse agonist,pharmacological_orthosteric_ligand,ELECTRON MICROSCOPY,7.0,5.7,4.1,11.7,0.56,14,18,1 2 3 4 5 6 7 45,1x35 1x39 2x60 2x63 3x28 3x32 3x33 3x37 45x52 4x61 5x40 5x43 6x51 6x55 7x34 7x35 7x38 7x42
Orphan receptors,7TUZ,gp183_human,KJX,"(2S,4aS,4bS,7R,8S,8aS,9R,10aR)-7-[(2R,3R)-7-hydroxy-3,7-dimethyloctan-2-yl]-4a,7,8-trimethyltetradecahydrophenanthrene-2,9-diol",Agonist,pharmacological_orthosteric_ligand,ELECTRON MICROSCOPY,5.2,3.8,3.6,12.2,0.65,14,17,2 3 4 5 6 7 45,2x60 3x33 3x37 45x51 4x53 4x56 4x57 4x61 5x40 5x43 5x44 5x461 6x51 6x52 6x55 7x34 7x38
Orphan receptors,7VDH,mrgx2_human,6IB,compound 48/80,Agonist,pharmacological_orthosteric_ligand,ELECTRON MICROSCOPY,15.5,14.6,5.0,11.1,0.2,14,10,4 5 6 7,4x60 4x64 5x33 5x36 5x40 6x55 6x56 6x59 6x60 7x30
Orphan receptors,7VUG,gp139_human,7ZQ,JNJ-63533054,Agonist,pharmacological_orthosteric_ligand,ELECTRON MICROSCOPY,5.7,5.4,1.6,11.6,0.54,14,13,2 3 6 7,2x57 2x62 3x29 3x32 3x33 3x36 6x48 6x51 7x30 7x34 7x38 7x41 7x42
Orphan receptors,7VUH,gp139_human,7ZQ,JNJ-63533054,Agonist,pharmacological_orthosteric_ligand,ELECTRON MICROSCOPY,5.8,5.6,1.5,11.4,0.5,14,16,2 3 5 6 7,2x57 2x61 2x62 3x32 3x33 3x36 5x43 6x48 6x51 6x54 6x55 6x58 7x34 7x38 7x41 7x42
Orphan receptors,7VUI,gp139_human,7ZQ,JNJ-63533054,Agonist,pharmacological_orthosteric_ligand,ELECTRON MICROSCOPY,6.7,6.5,1.6,11.5,0.56,14,16,2 3 5 6 7,2x57 2x61 2x62 3x29 3x32 3x33 3x36 5x40 6x51 6x54 6x55 6x58 7x34 7x38 7x41 7x42
Orphan receptors,7VUJ,gp139_human,7ZQ,JNJ-63533054,Agonist,pharmacological_orthosteric_ligand,ELECTRON MICROSCOPY,6.3,6.2,0.9,11.4,0.56,14,16,2 3 5 6 7,2x57 2x61 2x62 3x29 3x32 3x33 3x36 5x40 6x51 6x54 6x55 6x58 7x34 7x38 7x41 7x42
Orphan receptors,7VV5,mrgx2_human,6IB,compound 48/80,Agonist,pharmacological_orthosteric_ligand,ELECTRON MICROSCOPY,15.3,14.2,5.6,11.1,0.2,14,10,4 5 6 7,4x60 4x64 5x32 5x33 5x36 5x40 6x55 6x59 6x60 7x30
Orphan receptors,7VV6,mrgx2_human,6IB,compound 48/80,Agonist,pharmacological_orthosteric_ligand,ELECTRON MICROSCOPY,15.3,14.2,5.6,11.1,0.2,14,10,4 5 6 7,4x60 4x64 5x32 5x33 5x36 5x40 6x55 6x59 6x60 7x30
Orphan receptors,7XV3,gp174_human,WJS,(2~{S})-2-$l^{4}-azanyl-3-[[(2~{R})-3-octadecanoyloxy-2-oxidanyl-propoxy]-oxidanyl-oxidanylidene-$l^{6}-phosphanyl]oxy-propanoic acid,Agonist,pharmacological_orthosteric_ligand,ELECTRON MICROSCOPY,5.6,4.5,3.3,12.2,0.38,14,32,1 2 3 4 5 6 7 45,1x31 1x35 1x39 2x60 2x64 3x29 3x32 3x33 3x37 3x40 3x41 45x51 45x52 4x53 4x56 4x57 4x59 4x60 4x63 4x64 5x39 5x43 5x46 5x461 5x50 6x51 6x55 6x58 6x59 6x62 7x34 7x38
Orphan receptors,7Y12,mrgrd_human,BAL,&beta;-alanine,Agonist,pharmacological_orthosteric_ligand,ELECTRON MICROSCOPY,11.9,11.2,4.1,11.2,0.12,14,8,3 4 5 6,3x26 3x30 4x64 5x34 5x38 6x55 6x59 6x60
Orphan receptors,7Y14,mrgrd_human,BAL,&beta;-alanine,Agonist,pharmacological_orthosteric_ligand,ELECTRON MICROSCOPY,12.1,11.3,4.4,11.1,0.12,14,8,3 4 5 6,3x30 4x64 5x34 5x38 6x55 6x56 6x59 6x60
Orphan receptors,8DWH,mrgx1_human,U2U,compound 16 [PMID: 31498617],Agonist,pharmacological_orthosteric_ligand,ELECTRON MICROSCOPY,12.9,11.7,5.6,11.7,0.31,14,13,2 3 4 5 6,2x60 3x25 3x26 3x29 3x30 4x60 4x61 4x64 5x36 5x40 6x55 6x56 6x59
Orphan receptors,8G05,gpr84_human,YI9,"6-Octylimino-1,3-diazinane-2,4-dione",Agonist,pharmacological_orthosteric_ligand,ELECTRON MICROSCOPY,2.2,1.0,1.9,11.6,0.47,14,17,2 3 4 5 6 7 45,2x53 2x60 3x32 3x33 3x36 3x37 3x40 45x51 4x57 5x44 5x461 6x48 6x51 6x52 7x38 7x41 7x42
Orphan receptors,8H8J,gpr35_human,WYB,lodoxamide,Agonist,pharmacological_orthosteric_ligand,ELECTRON MICROSCOPY,8.4,7.3,4.1,11.3,0.5,14,14,2 3 6 7 45,2x57 2x60 2x61 3x36 45x51 45x52 6x51 6x55 6x58 7x31 7x34 7x35 7x38 7x39
Orphan receptors,8HJ5,mrgx1_human,U2U,compound 16 [PMID: 31498617],Agonist,pharmacological_orthosteric_ligand,ELECTRON MICROSCOPY,13.0,11.6,6.0,11.6,0.25,14,12,3 4 5 6,3x25 3x26 3x29 4x60 4x61 4x64 5x36 5x40 6x55 6x56 6x59 6x60
Orphan receptors,8HMP,gpr52_human,EN6,"derivative 17 [Nakahata <i>et al</i>., 2018]",Agonist,pharmacological_orthosteric_ligand,ELECTRON MICROSCOPY,12.9,6.5,11.1,11.3,0.24,14,17,1 2 3 7 45,1x32 1x33 1x35 1x36 1x39 2x57 2x61 2x64 3x28 3x32 45x51 7x31 7x34 7x35 7x38 7x39 7x42
Orphan receptors,8HQM,gp132_human,140,CHEMBL3354065,Agonist,pharmacological_orthosteric_ligand,ELECTRON MICROSCOPY,16.5,15.8,4.4,12.4,0.18,14,11,1 6 7 23 45,1x28 23x50 45x51 45x52 6x58 6x62 7x27 7x28 7x30 7x31 7x34
Orphan receptors,8HQN,gp132_human,9HO,9-hydroxyoctadecadienoic acid,Agonist,pharmacological_orthosteric_ligand,ELECTRON MICROSCOPY,7.7,7.2,2.7,12.0,0.47,14,19,3 4 5 6 7 45,3x33 3x34 3x37 45x51 45x52 4x56 4x57 4x61 5x36 5x40 5x43 6x51 6x55 6x58 6x62 7x27 7x30 7x31 7x34
Orphan receptors,8HVI,gp132_human,NFI,NOX-6-7,Agonist,pharmacological_orthosteric_ligand,ELECTRON MICROSCOPY,14.0,13.2,4.8,12.5,0.0,14,6,7 23 45,23x50 45x52 7x24 7x28 7x29 7x31
Orphan receptors,8ITF,taar9_mouse,8IA,"N,N-Dimethylcyclohexylamine",Agonist,pharmacological_orthosteric_ligand,ELECTRON MICROSCOPY,1.6,0.6,1.5,11.9,0.7,14,10,3 5 6 7,3x32 3x33 3x36 3x37 5x43 6x48 6x51 7x38 7x41 7x42
Orphan receptors,8IW4,taar9_mouse,SPD,SPERMIDINE,Agonist,pharmacological_orthosteric_ligand,ELECTRON MICROSCOPY,2.8,2.0,2.0,11.4,0.58,14,12,3 4 6 7 45,3x29 3x32 3x33 3x36 3x37 45x52 4x61 6x48 6x51 7x38 7x41 7x42
Orphan receptors,8IW7,taar9_mouse,PEA,2-Phenylethanaminium,Agonist,pharmacological_orthosteric_ligand,ELECTRON MICROSCOPY,2.4,0.7,2.3,11.0,0.73,14,11,3 4 5 6 7,3x32 3x33 3x36 3x37 4x56 5x43 6x51 6x52 7x38 7x41 7x42
Orphan receptors,8IWE,taar9_mouse,SPD,SPERMIDINE,Agonist,pharmacological_orthosteric_ligand,ELECTRON MICROSCOPY,2.8,2.0,2.0,11.4,0.58,14,12,3 4 6 7 45,3x29 3x32 3x33 3x36 3x37 45x52 4x61 6x48 6x51 7x38 7x41 7x42
Orphan receptors,8IWM,taar9_mouse,PEA,2-Phenylethanaminium,Agonist,pharmacological_orthosteric_ligand,ELECTRON MICROSCOPY,2.4,0.7,2.3,11.0,0.73,14,11,3 4 5 6 7,3x32 3x33 3x36 3x37 4x56 5x43 6x51 6x52 7x38 7x41 7x42
Orphan receptors,8IYX,gpr34_human,S6R,YL-365,Antagonist,pharmacological_orthosteric_ligand,ELECTRON MICROSCOPY,12.2,-3.0,11.8,12.8,0.32,14,19,3 4 5,3x29 3x30 3x33 3x34 3x37 3x38 3x41 3x45 4x45 4x48 4x49 4x52 4x53 4x56 4x57 4x60 5x39 5x40 5x43
Orphan receptors,8J18,gpr84_human,HXD,(3R)-3-HYDROXYDODECANOIC ACID,Agonist,pharmacological_orthosteric_ligand,ELECTRON MICROSCOPY,1.4,0.4,1.3,11.7,0.47,14,17,2 3 4 5 6 7 45,2x53 3x32 3x33 3x36 3x37 3x40 45x51 4x57 5x43 5x44 5x461 6x48 6x51 6x52 7x38 7x41 7x42
Orphan receptors,8J19,gpr84_human,SWO,"6-nonylpyridine-2,4-diol",Agonist,pharmacological_orthosteric_ligand,ELECTRON MICROSCOPY,2.1,1.2,1.6,11.7,0.47,14,17,2 3 4 5 6 7 45,2x53 3x32 3x33 3x36 3x37 3x40 45x51 4x57 5x43 5x44 5x461 6x48 6x51 6x52 7x38 7x41 7x42
Orphan receptors,8K4N,gpr34_human,VF0,(2R)-2-azanyl-3-[oxidanyl-[(2R)-2-oxidanyl-3-tetradec-9-enoyloxy-propoxy]phosphoryl]oxy-propanoic acid,Agonist,pharmacological_orthosteric_ligand,ELECTRON MICROSCOPY,7.8,4.6,6.3,12.2,0.45,14,22,3 4 5 6 7 45,3x26 3x29 3x30 3x33 3x34 3x37 3x41 45x51 45x52 4x52 4x53 4x56 4x60 5x39 5x40 5x43 5x46 6x51 6x55 6x58 7x34 7x35
Orphan receptors,8K4S,mrgx4_human,JW0,DCA-3P,Agonist,pharmacological_orthosteric_ligand,ELECTRON MICROSCOPY,8.2,7.8,2.7,10.9,0.47,14,19,2 3 4 5 6 7,2x60 2x64 3x22 3x25 3x26 3x29 3x33 3x37 4x56 4x59 4x60 5x43 5x44 6x51 6x52 6x54 6x55 6x56 7x34
Orphan receptors,8KEX,mrgx4_human,JW0,DCA-3P,Agonist,pharmacological_orthosteric_ligand,ELECTRON MICROSCOPY,7.6,7.4,1.6,11.0,0.5,14,20,2 3 4 5 6 7,2x60 2x64 3x22 3x25 3x26 3x29 3x30 3x33 3x36 3x37 4x56 4x59 5x43 5x44 6x51 6x52 6x54 6x55 6x56 7x34
Orphan receptors,8KGG,p2y10_human,WJS,(2~{S})-2-$l^{4}-azanyl-3-[[(2~{R})-3-octadecanoyloxy-2-oxidanyl-propoxy]-oxidanyl-oxidanylidene-$l^{6}-phosphanyl]oxy-propanoic acid,Agonist,pharmacological_orthosteric_ligand,ELECTRON MICROSCOPY,6.1,5.1,3.2,11.8,0.41,14,29,1 2 3 4 5 6 7 45,1x31 1x35 1x39 2x60 2x64 3x29 3x32 3x33 3x37 3x41 45x51 45x52 4x52 4x53 4x56 4x57 4x59 4x60 4x63 4x64 5x39 5x43 5x46 6x51 6x55 6x58 6x59 7x34 7x38
Orphan receptors,8KH5,gp174_human,LPS,Lysophosphotidylserine,Agonist,pharmacological_orthosteric_ligand,ELECTRON MICROSCOPY,6.1,5.4,2.8,11.7,0.42,14,31,1 2 3 4 5 6 7 45,1x31 1x35 1x39 2x60 2x64 3x29 3x32 3x33 3x37 45x51 45x52 4x52 4x53 4x56 4x57 4x59 4x60 4x63 4x64 5x39 5x40 5x43 5x46 5x461 6x51 6x55 6x58 6x59 6x62 7x34 7x38
Orphan receptors,8PM2,taa7f_mouse,8IA,"N,N-Dimethylcyclohexylamine",Agonist,pharmacological_orthosteric_ligand,ELECTRON MICROSCOPY,2.1,0.7,2.0,11.5,0.67,14,12,3 5 6 7,3x32 3x33 3x36 3x37 5x40 5x44 6x48 6x51 7x34 7x38 7x41 7x42
Orphan receptors,8SAI,gpr34_human,S12,O-[(S)-Hydroxy{[(2s)-2-Hydroxy-3-(Octadec-9-Enoyloxy)propyl]oxy}phosphoryl]-L-Serine,Agonist,pharmacological_orthosteric_ligand,ELECTRON MICROSCOPY,8.4,4.3,7.3,12.5,0.42,14,24,3 4 5 6 7 45,3x26 3x29 3x30 3x33 3x34 3x37 3x38 3x41 45x51 45x52 4x49 4x52 4x53 4x56 4x60 5x39 5x40 5x43 5x46 6x55 6x58 7x34 7x35 7x38
Orphan receptors,8T1V,gpr6_human,XY8,CHEMBL4763822,Inverse agonist,pharmacological_orthosteric_ligand,X-RAY DIFFRACTION,3.1,2.3,2.1,11.0,0.43,14,23,1 2 3 5 6 7,1x36 1x39 2x53 2x57 2x60 2x64 3x29 3x32 3x33 3x35 3x36 5x40 5x43 5x44 5x47 6x48 6x51 6x52 6x55 7x35 7x38 7x41 7x42
Orphan receptors,8T1W,gpr6_human,X7T,CVN424,Inverse agonist,pharmacological_orthosteric_ligand,X-RAY DIFFRACTION,3.5,2.7,2.3,11.1,0.48,14,21,2 3 5 6 7,2x53 2x57 2x60 3x29 3x32 3x33 3x35 3x36 5x39 5x40 5x43 5x44 5x47 6x48 6x51 6x52 6x55 7x38 7x41 7x42 7x46
Orphan receptors,8TB7,gpr61_human,ZOB,compound 1 [PMID: 37741852],Inverse agonist,pharmacological_orthosteric_ligand,ELECTRON MICROSCOPY,23.1,-22.9,3.3,10.9,0.0,14,19,3 5 6 7 8,3x46 3x47 3x50 5x54 5x57 5x58 5x61 6x33 6x35 6x36 6x37 6x39 6x40 6x43 7x52 7x53 7x56 8x47 8x48
Orphan receptors,8TF5,gpr6_human,OLA,oleic acid,Inverse agonist,pharmacological_orthosteric_ligand,X-RAY DIFFRACTION,5.0,4.9,1.3,11.2,0.61,14,18,1 2 3 5 6 7,1x39 2x60 3x29 3x32 3x33 3x36 5x40 5x43 5x44 5x47 6x48 6x51 6x52 6x55 7x31 7x34 7x35 7x38
Orphan receptors,8U8F,gpr3_human,PLM,palmitic acid,Agonist,pharmacological_orthosteric_ligand,ELECTRON MICROSCOPY,10.6,-6.6,8.2,11.0,0.57,14,14,3 4 5 6,3x29 3x33 3x36 3x37 3x40 3x41 4x56 5x40 5x43 5x46 5x47 5x50 6x48 6x51
Orphan receptors,8W8R,gp101_human,U7D,1-(4-Methylpyridin-2-yl)-3-[3-(trifluoromethyl)phenyl]thiourea,Agonist,pharmacological_orthosteric_ligand,ELECTRON MICROSCOPY,24.8,16.3,18.7,12.0,0.0,14,6,1 3 7 23,1x38 23x51 23x52 3x21 3x24 7x39
Orphan receptors,8W8S,gp101_human,U7D,1-(4-Methylpyridin-2-yl)-3-[3-(trifluoromethyl)phenyl]thiourea,Agonist,pharmacological_orthosteric_ligand,ELECTRON MICROSCOPY,25.4,16.7,19.2,12.1,0.0,14,5,1 3 7 23,1x38 23x49 23x52 3x21 7x39
Orphan receptors,8WW2,gpr3_human,OLA,oleic acid,Agonist,pharmacological_orthosteric_ligand,ELECTRON MICROSCOPY,3.1,1.9,2.5,11.8,0.53,14,17,1 2 3 5 6 7,1x39 2x57 2x60 3x29 3x32 3x33 3x36 3x37 3x40 5x43 5x46 5x47 5x50 6x48 6x51 7x35 7x38
Orphan receptors,8X2K,gpr3_human,5YM,N-oleoylethanolamide,Agonist,pharmacological_orthosteric_ligand,ELECTRON MICROSCOPY,3.8,0.4,3.8,11.2,0.52,14,21,2 3 4 5 6 7,2x57 2x60 3x29 3x32 3x33 3x36 3x37 3x40 3x41 4x48 4x49 4x52 4x56 5x40 5x43 5x46 5x47 5x50 6x48 6x51 7x38
Orphan receptors,8XBE,gpr34_human,KW0,CHEMBL4782438,Agonist,pharmacological_orthosteric_ligand,ELECTRON MICROSCOPY,8.4,4.8,6.9,12.3,0.46,14,24,2 3 4 5 6 7 45,2x60 3x26 3x29 3x30 3x33 3x34 3x37 45x51 45x52 4x53 4x56 4x57 4x60 4x64 5x36 5x39 5x40 5x43 5x46 6x55 6x58 7x34 7x35 7x38
Orphan receptors,8XBG,gpr34_human,KW0,CHEMBL4782438,Agonist,pharmacological_orthosteric_ligand,ELECTRON MICROSCOPY,8.1,4.5,6.8,12.1,0.41,14,29,2 3 4 5 6 7 45,2x60 3x26 3x29 3x30 3x33 3x34 3x37 3x38 3x41 45x51 45x52 4x52 4x53 4x56 4x57 4x60 4x64 5x36 5x39 5x40 5x43 5x46 6x51 6x55 6x58 7x31 7x34 7x35 7x38
Orphan receptors,8XBH,gpr34_human,KW3,CHEMBL4758243,Agonist,pharmacological_orthosteric_ligand,ELECTRON MICROSCOPY,8.3,4.7,6.8,12.0,0.34,14,29,3 4 5 6 7 45,3x26 3x29 3x30 3x33 3x34 3x37 3x38 3x41 45x50 45x51 45x52 4x49 4x52 4x53 4x56 4x57 4x60 4x64 5x36 5x39 5x40 5x43 5x46 6x55 6x58 7x31 7x34 7x35 7x38
Orphan receptors,8XBI,gpr34_human,KW3,CHEMBL4758243,Agonist,pharmacological_orthosteric_ligand,ELECTRON MICROSCOPY,8.4,4.7,7.0,11.9,0.37,14,30,3 4 5 6 7 45,3x26 3x29 3x30 3x33 3x34 3x37 3x38 3x41 45x50 45x51 45x52 4x49 4x52 4x53 4x56 4x57 4x60 4x64 5x36 5x39 5x40 5x43 5x46 6x51 6x55 6x58 7x31 7x34 7x35 7x38
Orphan receptors,8YRG,mrgx4_human,A1LZU,Fospropofol,Agonist,pharmacological_orthosteric_ligand,ELECTRON MICROSCOPY,13.2,12.7,3.8,11.0,0.33,14,9,2 3 4 7,2x60 2x64 3x22 3x25 3x26 3x29 4x61 7x30 7x34
Orphan receptors,9DQH,mrgrd_human,A1BE2,"2-[[1-[2-(4-chlorophenyl)-2-methylpropanoyl]piperidin-4-yl]amino]-5,6,7,8-tetrahydro-3H-quinazolin-4-one",Agonist,pharmacological_orthosteric_ligand,ELECTRON MICROSCOPY,9.3,7.6,5.3,11.1,0.3,14,20,3 4 5 6,3x26 3x29 3x30 3x33 3x36 3x37 4x57 4x60 4x64 5x34 5x38 5x39 5x41 5x42 5x45 6x51 6x52 6x55 6x56 6x59
Orphan receptors,9DQJ,mrgrd_human,A1BEQ,2-[[1-[1-(4-methoxyphenyl)cyclopropanecarbonyl]piperidin-4-yl]amino]-3H-quinazolin-4-one,Agonist,pharmacological_orthosteric_ligand,ELECTRON MICROSCOPY,9.5,7.8,5.3,11.3,0.3,14,20,3 4 5 6,3x29 3x30 3x33 3x36 3x37 4x57 4x60 4x64 5x34 5x38 5x39 5x41 5x42 5x45 5x46 6x51 6x52 6x55 6x56 6x59
